-- MySQL dump 10.13  Distrib 5.5.31, for debian-linux-gnu (x86_64)
--
-- Host: localhost    Database: hospital
-- ------------------------------------------------------
-- Server version	5.5.31-0ubuntu0.12.04.2

--
-- Current Database: `hospital`
--

CREATE DATABASE  hospital;

USE hospital;

--
-- Table structure for table `doente`
--

DROP TABLE IF EXISTS doente;

CREATE TABLE doente (
  doe_numhistoria int(11) NOT NULL AUTO_INCREMENT,
  doe_nome char(40) NOT NULL,
  doe_datanac date NOT NULL,
  doe_enderezo char(50) DEFAULT NULL,
  doe_cp char(5) DEFAULT NULL,
  doe_cidade char(20) DEFAULT NULL,
  doe_nif char(9) DEFAULT NULL,
  PRIMARY KEY (doe_numhistoria)
) ENGINE=InnoDB AUTO_INCREMENT=467 DEFAULT CHARSET=latin1;

--
-- Dumping data for table `doente`
--

LOCK TABLES doente WRITE;

INSERT INTO doente VALUES (1,'Emilio Sánchez','1960-01-01','Progreso, 12','27001','Lugo','21321321A'),(2,'Isabel Romero','1965-02-01','Ronda, 3','27001','Lugo','21321123B'),(3,'Xerardo Patiño','1940-03-01','Rúa Nova, 64','27600','Sarria','98987987A'),(4,'Carlos Lemos','1926-04-01','Pedro Saco, 11','27600','Sarria','98987789B'),(5,'Ramón Dafonte','1966-05-01','Magoi, 100','27002','Lugo','21321432C'),(6,'Humberto Pérez','1992-06-01','Lugo, 11','27400','Vilalba','65456654A'),(7,'Luisa Touriño','1975-07-01','Lugo, 10','27250','Friol','32123321A'),(8,'Pedro Galego','1964-08-01','Avda Madrid, 90','27002','Lugo','21321543D'),(9,'Alberto Liz','1959-05-10','Avda Portugal, 13','27004','Lugo','45456456P'),(10,'Pablo Pascual','1921-06-02','de la Estación, 58','27000','Sepúlveda',NULL),(11,'Jonás Osorio','2000-02-20','Miguel de Unamuno, 25','27000','Soria',NULL),(12,'Ivet Masana','1991-11-19','Avda Portomarín, 26','27000','Bilbao',NULL),(13,'Mercedes Cabado','2012-04-04','Murallón, 41','27000','Vigo','05727112C'),(14,'Estefania Rocha','1933-04-19','Courel, 32','27000','Coruña, A','32183661Z'),(15,'Rita Sobradelo','2008-09-17','Tino Grandío, 8','27000','Ourense','18118940T'),(16,'Susana Ladra','1981-10-19','Fernando de Rojas, 92','27000','Sada','39879642B'),(17,'Karen Alexandra Lata','1979-04-07','Padrón, 62','27000','Baralla','66376169D'),(18,'Salvador Anca','1961-09-03','Ravel, 4','27000','Vigo','27264512J'),(19,'Iago Romay','1947-08-03','Mirador, 84','27000','Taboada','27253789P'),(20,'Gabriela Dobarrio','1973-06-13','Vía Láctea, 68','27000','San Sebastian','35707194Q'),(21,'Uxía Anca','2000-03-12','Fernando de Rojas, 32','27000','Ponferrada','81737426A'),(22,'Arantxa Quiñoá','2011-12-20','Barcelona, 29','27000','Pol','93982469F'),(23,'Gustavo Mosteiro','1968-04-22','Avda. del Ejercito, 70','27000','Ourense','70757084E'),(24,'Xerardo Resúa','1981-12-23','Ramón y Cajal, 2','27000','Sada','11322384J'),(25,'Norberto Viso','1950-02-18','Pescaderas, 93','27000','Taboada','14059987H'),(26,'Karen Alexandra Palau','1929-06-19','Gran Vía, 11','27000','Bueu','37132923K'),(27,'Iris Piqué','2005-08-11','Rafael Alberti, 16','27000','San Martín de Guilla','42682469N'),(28,'Francesc Cabañas','1957-07-14','de Perú, 61','27000','Sada','78173741F'),(29,'Begoña Rey','1987-06-02','Tino Grandío, 9','27000','Bretoña','31664321Z'),(30,'José Pueyo','1936-10-05',NULL,'27000','Sada','16154476N'),(31,'Celia Mulet','1982-11-11','San Martiño, 12','27000','Culleredo','24874761P'),(32,'Delia Allegue','1980-07-19','Alexandre Bóveda, 33','27000','Badajoz','67698522T'),(33,'Natàlia Pereiras','1993-07-08','Rianxo, 4','27000','Atienza','62246824S'),(34,'Uxía Guerra','1974-03-08','Villaldía, 71','27000','Friol','85938398W'),(35,'Cayetana Parcerisa','2009-11-05','Diagonal, 62','27000','Coruña, A','16713483G'),(36,'Breogán Alavedra','1923-08-23','O Galego Soto, 6','27000','Sada','58714685D'),(37,'Eugenio Nadal','1983-06-25','Cantón, 8','27000','Culleredo','97756756V'),(38,'Isaac Obarrio','1929-06-26','Isabel II, 6','27000','Castro Urdiales','22452846Q'),(39,'Maria Busquets','1968-10-09','Santa Cecilia, 6','27000','Bertamiráns','37265725K'),(40,'Millán Ferrero','1929-08-18','Lirio, 9','27000','Betanzos','75731566H'),(41,'Basilio Díez','1969-11-22','Roma, 2','27000','Palas de Rei','53086568S'),(42,'Regina Caamaño','1928-02-04','Capilla, 22','27000','Láncara','31531364C'),(43,'Felipe Mon','1953-07-08','Capilla, 47','27000','Atienza','95851787T'),(44,'Marcelo Salcines','1975-08-07','San Roque, 29','27000','Samos','07821247M'),(45,'Miguel Ángel Nadal','1976-08-05','Picos de Europa, 48','27000','Burela','14823324P'),(46,'Yéssica Caridad','1939-10-07','Plaza del Mercado, 22','27000','Lugo','52521111J'),(47,'Enrique Corral','1981-11-07','Plaza Mayor, 30','27000','Ponferrada','34781761B'),(48,'David Frade','1958-11-25','Picos de Europa, 39','27000','Friol','24356761Z'),(49,'Gerardo Lata','1955-07-06','do Campo, 40','27000','Pontevedra','75447734Y'),(50,'Rita Santín','2004-03-08','Dolomitas, 98','27000','Friol','82624337B'),(51,'Marcos Cañizares','2002-03-03','Vía Láctea, 79','27000','Vilalba','60156397N'),(52,'Herminia Bárcenas','1945-05-23','Cánovas del Castillo, 25','27000','Atienza','28853866K'),(53,'Josefa Landrove','1949-09-07','Avda Portomarín, 4','27000','Santiago','13432189M'),(54,'Albert Fustes','1954-12-18','Jorge Juan, 3','27000','Taboada','91766603F'),(55,'Roberto Pichín','1961-08-19','Asia, 73','27000','Vigo','73425398Z'),(56,'Mar Aznar','1953-03-25','Marina Española, 53','27000','Tenerife','93589999D'),(57,'Urbano Valiño','1969-06-17','Espolón, 51','27000','Santiago','57487344V'),(58,'Gertrudis Bárcenas','1921-12-20','Fernando III, 34','27000','Vilanova de Arousa','25872556V'),(59,'Jordi Fuentes','2000-05-03','Lirio, 9','27000','Bilbao','96567786D'),(60,'Andrés Morán','1921-03-01','Pares de Francia, 22','27000','Vilanova de Arousa','81684565L'),(61,'Amaia Vieito','1994-08-12','Alfonso X, 20','27000','Badajoz','24477361W'),(62,'Adrià Castro','1980-11-12','Alexandre Bóveda, 17','27000','Sarria','26415231F'),(63,'Mar Ruíz','1968-06-12','das Fontiñas, 59','27000','Sarria','43344584A'),(64,'Josep Losada','1995-07-26','Pontes, 23','27000','Taboada','46827265R'),(65,'Enrique Reigosa','1921-03-18','San Martiño, 63','27000','Arzúa','24754369K'),(66,'Rodolfo Bernárdez','1933-04-23','Real Observatorio Astronómico, 14','27000','Cuenca','85245467S'),(67,'Isidro Casas','1983-02-14','Leonardo Da Vinci, 7','27000','Ourense','17558731W'),(68,'Pascual Antúnez','1993-11-18','de América, 83','27000','Pol','64128671W'),(69,'Pablo Torrón','1989-03-18','Mirador, 107','27000','Oviedo','51776795T'),(70,'Begoña Ramallar','1980-12-24','Pares de Francia, 12','27000','Arzúa','66698661H'),(71,'Tristán Merino','1959-09-03','de la Fuente, 20','27000','Láncara','24321804V'),(72,'Carmen Patiño','1969-11-15','Valle Inclán, 40','27000','Castro Urdiales','92386411B'),(73,'Salomón Rivera','1942-02-20','Plaza de España, 21','27000','Lugo','48888523E'),(74,'Victor Manuel Serarols','1966-02-03','Pescaderas, 117','27000','Coruña, A','67252461R'),(75,'Esperanza Barral','1982-12-13','Río Rato, 11','27000','Oviedo','57096231L'),(76,'Florentino Quiroga','1944-04-15','de Zamora, 113','27000','Badajoz','52794666Y'),(77,'Teresa Rasero','1948-02-21','de la Universidad, 14','27000','Bertamiráns','12537804K'),(78,'Ángeles Aneiros','1931-10-08','Doctor Marañón, 4','27000','Tenerife','23661729L'),(79,'Uxía Galobart','1921-12-12','Niágara, 9','27000','Monforte','48571340D'),(80,'Oliver Barreal','1944-05-03','Plaza de España, 16','27000','Vigo','48923706S'),(81,'Edita Manzano','1934-06-16','Ramón Piñeiro, 82','27000','Ponferrada','82643211W'),(82,'Ramon Mandía','1940-03-10','General Prim, 8','27000','Castro Urdiales','77732259X'),(83,'Tamara Mareque','1960-04-25','Isabel II, 26','27000','Ourense','16033519N'),(84,'Eulalia Olveira','1980-01-04','Río Tambre, 34','27000','Ponferrada','62378044C'),(85,'Teresa Guadalupe Sierra','1969-08-07','Cardenal Cisneros, 55','27000','Betanzos','36222796G'),(86,'Antoni Baraja','2006-06-04','Vía Láctea, 34','27000','Cervo','81806167C'),(87,'Leonardo Esparís','1957-05-09','Castillo, 104','27000','Vilanova de Arousa','22581552Z'),(88,'Oriol Villanustre','1961-07-08','Nevado Bouza, 1','27000','Monforte','65708252N'),(89,'Queralt Mendoza','1985-04-07','Pontes, 7','27000','Vilanova de Arousa','05834781A'),(90,'Eva María Carricoba','1960-10-12','Avda Vilaboa, 37','27000','Arzúa','40831341Q'),(91,'Catalina Bergantiños','1946-06-13','Velázquez, 17','27000','Sada','23166566T'),(92,'Paulo Barral','1937-03-11','Severo Ochoa, 12','27000','Baralla','52468518K'),(93,'Milagros Caaveiro','1946-07-21','Plaza de Cervantes, 3','27000','Baralla','11951936D'),(94,'Josep San José','1963-07-03','Concha, 33','27000','Betanzos','96224733R'),(95,'Gregorio Mayo','1929-04-29','Felipe II, 4','27000','Láncara','77462041L'),(96,'Mireia Galeano','2009-12-18','Ronda de Outeiro, 12','27000','Poio','61489223B'),(97,'Gregorio Solano','1971-03-08','Beethoven, 53','27000','Ponferrada','17697128P'),(98,'Carlos Puigbó','1994-06-20','Estatuto de Autonomía, 12','27000','San Martín de Guilla','17412542R'),(99,'Jaime Boga','1928-12-08','San Marcos, 58','27000','Castro de Rei','62818211J'),(100,'Marta Torrescasana','2003-07-18','Avda Vilaboa, 31','27000','San Sebastian','35153286V'),(101,'Sara Balado','1968-12-24','Andrade, 44','27000','Ribeira','42748922H'),(102,'Telmo Custodio','1995-08-15','Rianxo, 4','27000','San Martín de Guilla','13376217S'),(103,'Alejandra Melle','1955-09-09','de la Estación, 25','27000','Palas de Rei','35160217W'),(104,'Jairo Lotina','1945-05-28','Napoleón, 11','27000','Oviedo','94153866P'),(105,'Mariona Prat','1977-04-12','Ronda, 10','27000','Soria','88106023S'),(106,'Guadalupe Pillo','2003-02-22','Celso Emilio Ferreiro, 19','27000','Soria','84735714B'),(107,'Breogán Cernadas','2000-11-17','Carlos III, 42','27000','Bueu','30013378B'),(108,'Carmen Penelas','1961-08-16','Leonardo Da Vinci, 145','27000','Mosteiro','38320382J'),(109,'José Luís Folgueira','1943-08-07','Concha, 9','27000','Soria','76166415Y'),(110,'Paula Aguilar','1995-03-09','de la Estación, 60','27000','Pol','85043483V'),(111,'Cristina Sierra','1927-09-04','Calderón, 8','27000','Paradela','30223778F'),(112,'Pau Garrigassait','1943-09-14','Andrade, 43','27000','Vilanova de Arousa','79446275C'),(113,'Bruno Vallejo','1945-12-28','Carlos I, 59','27000','Betanzos','48924511S'),(114,'Lluís Martorell','1940-06-13','de la Estación, 58','27000','Ciudad Real','01753878J'),(115,'Iker Flotats','1922-12-20','Matias Lopez, 1','27000','Ponferrada','09863640K'),(116,'Félix Armencot','1947-09-12','General Prim, 1','27000','Atienza','16984748F'),(117,'José Manuel Lourido','1975-06-15','Benigno Quiroga, 10','27000','Coruña, A','39655428R'),(118,'Mirta Cuesta','1929-07-12','Ronda de Outeiro, 15','27000','Badajoz','69866206A'),(119,'Gregorio Vallés','2009-09-09','República Española, 22','27000','Meira','75316134N'),(120,'Sofía Resines','1956-07-10','Ramón y Cajal, 6','27000','Palas de Rei','41114571R'),(121,'Moisés Ramallar','1998-04-20','Dolomitas, 99','27000','Castro de Rei','11268253R'),(122,'Gemma Anido','1987-05-12','Molinos, 1','27000','Sarria','07622277P'),(123,'Germán Ríos','1936-06-17','Maior, 69','27000','Atienza','96426774X'),(124,'Edurne Fraguela','1985-10-20','Yañez Rebolo, 10','27000','Monforte','77734082Q'),(125,'Jasmín Touzón','1980-06-04','Dolomitas, 51','27000','Pol','60134323H'),(126,'Sonia Raxoi','2000-03-08','Don Quijote, 51','27000','Soria','54463757X'),(127,'César Pascual','1922-09-03','de Perú, 44','27000','Taboada','97880344A'),(128,'Rubén Sangil','1966-08-14','Plaza de Cervantes, 41','27000','Vilalba','48735663C'),(129,'Begonya Tosar','1963-09-24','Plaza de Cervantes, 67','27000','Pol','68252301P'),(130,'Arturo Freire','1937-03-03','Lavandeira, 77','27000','Castro de Rei','76026832X'),(131,'Paloma Beiras','1951-07-17','Mirador, 33','27000','Atienza','53014077C'),(132,'Sergio Busquets','1972-08-06','Édramo, 12','27000','Vilalba','48180584T'),(133,'Catalina Pérez','1982-12-23','Príncipe de Viana, 21','27000','Coruña, A','23338517A'),(134,'Salomón Soto','1933-09-26','Avda Vilaboa, 25','27000','Albacete','43377530J'),(135,'Millán Teira','2009-10-29','Lepanto, 54','27000','Ourense','60376016G'),(136,'Queralt Guerra','2001-10-29','Jerez, 22','27000','Castro de Rei','14686312F'),(137,'Noel Aznar','2008-12-19','Jultayu, 23','27000','Meira','14686599H'),(138,'Serxio Lage','1954-02-06','Barbanza, 63','27000','Bertamiráns','21548732D'),(139,'Andrés Fuentes','1930-10-17','Tino Grandío, 6','27000','Meira','45575312F'),(140,'Cristian Pereiras','1939-11-22','Lepanto, 13','27000','Bueu','84406546L'),(141,'Víctor Lago','1948-01-05','Lope de Vega, 56','27000','Vilalba','51881822D'),(142,'Ferran Caaveiro','1960-10-17','Centolo, 38','27000','Friol','73431627X'),(143,'Amalia Orozco','1921-04-06','Velázquez, 2','27000','Burela','24494272P'),(144,'Alejandro Portella','1926-06-23','Pares de Francia, 34','27000','Madrid','71341343N'),(145,'Manuela Viso','1950-12-20','Goya, 64','27000','Pontevedra','16287482D'),(146,'Julen Silva','1960-08-18','Calderón, 4','27000','Atienza','38456768D'),(147,'Gabriela Pallares','1942-09-20','Danubio, 16','27000','Pontevedra','81767246S'),(148,'Ivet Correa','1927-05-18','Farelo, 107','27000','Coruña, A','46341460W'),(149,'José Manuel Yubero','2005-09-19','Barbanza, 10','27000','Castro de Rei','07810769S'),(150,'Diego Barrios','1929-12-05','Avda. del Ejercito, 8','27000','Ribeira','18749432Q'),(151,'Berta Altimiras','1921-07-14','Jorge Juan, 11','27000','Sarria','63778732P'),(152,'Julio Ladra','1939-11-16','Lepanto, 18','27000','Paradela','13428477L'),(153,'Alberto Modrego','2012-11-01','San Marcos, 83','27000','Ciudad Real','36413294Q'),(154,'Olga Vilariño','1959-04-29','Lagos Miraverde, 22','27000','Taboada','09972519H'),(155,'Antoni Acuña','1939-03-09','Rafael Alberti, 15','27000','Bretoña','78748189F'),(156,'Pastora Rúa','2005-09-20','Padrón, 27','27000','Sigüenza','11126839Z'),(157,'Saúl Piecho','1948-05-20','Ramón y Cajal, 33','27000','Castro Urdiales','29022301G'),(158,'Breogán Hierro','1971-05-27','Rianxo, 4','27000','Meira','56588864D'),(159,'Ermitas Buján','1962-05-12','Rianxo, 6','27000','Ourense','32058733E'),(160,'Noelia Silvosa','1935-10-03','Irimia, 29','27000','San Sebastian','28677476H'),(161,'Carmen Pernas','1931-02-27','Celso Emilio Ferreiro, 17','27000','Pol','62106345C'),(162,'Amaia Moreno','1932-06-26','Miguel de Unamuno, 10','27000','Bueu','40641334N'),(163,'César Viña','1939-03-13','Golondrina, 28','27000','Vilanova de Arousa','59358848B'),(164,'María Luisa Loureiro','1928-11-25','Plaza Mayor, 48','27000','Coruña, A','31752662N'),(165,'Isidro Pérez','1954-09-02','Paralell, 51','27000','Meira','78918161D'),(166,'Ascensión Lillo','1960-05-05','Castellana, 33','27000','Baralla','79257203P'),(167,'Ana Vanesa Sevilla','1940-08-11','Federico García Lorca, 35','27000','Tenerife','85384545N'),(168,'Eugenio Tudoli','2011-07-15','Rúa Nova, 7','27000','Bilbao','13224551B'),(169,'Vanessa Martínez','1968-11-19','Centolo, 46','27000','Paradela','10718315Q'),(170,'Elvira Franch','1946-01-07','Lagos Miraverde, 94','27000','Arzúa','41151127X'),(171,'Jessica Pazos','1946-10-04','Santa Cecilia, 6','27000','Vilanova de Arousa','45320408N'),(172,'Vicente Mendo','1987-12-06','Curros Enríquez, 6','27000','Burela','39719515X'),(173,'Berta Reyero','1969-11-21','Plaza Mayor, 50','27000','Albacete','30342868A'),(174,'Jon Míguez','1951-06-04','Rubine, 20','27000','Tenerife','25382784F'),(175,'Álvaro Listan','1985-07-10','Molinos, 18','27000','Sigüenza','24671133E'),(176,'Adrià Caridad','1973-02-18','Tui, 12','27000','Culleredo','66281938D'),(177,'Enric González','2000-02-22','Faladoira, 18','27000','Soria','12645467K'),(178,'Fernando Varela','1932-06-15','Édramo, 20','27000','Bertamiráns','33622271C'),(179,'Diana Arrojo','1950-09-05','Rianxo, 5','27000','Vilanova de Arousa','08266381C'),(180,'Tristán Campoviejo','1981-02-19','Anduriñas, 64','27000','Coruña, A','18176014B'),(181,'Blas Borges','1933-10-13','Plaza de la Constitución, 9','27000','Albacete','31375336R'),(182,'Sandra María Barbón','1960-06-20','Príncipe de Viana, 5','27000','Pontevedra','46979585S'),(183,'Mario Cedrón','1930-08-13','da Universidade, 43','27000','Vilalba','35206153F'),(184,'Sheila de la Torre','1937-08-08','de la Universidad, 44','27000','Albacete','18935734H'),(185,'Luís Mihura','2003-04-19','Courel, 46','27000','Badajoz','89223221B'),(186,'Jordina Peña','1943-07-19','Avda. del Ejercito, 58','27000','Sarria','45252385T'),(187,'María Inmaculada Paradelo','2003-02-16','Calvo Sotelo, 21','27000','Betanzos','22521078F'),(188,'Monserrat Pais','1993-06-18','de Chile, 28','27000','Meira','15302855N'),(189,'Rafael Rincón','1954-09-10','Ribeira, 33','27000','Pol','31679590B'),(190,'Mariano Gago','1982-05-19','da Zarra, 18','27000','Vigo','26951686X'),(191,'María Luisa Vallejo','1929-04-24','Lirio, 13','27000','Vilalba','97838271C'),(192,'Eusebio Castro','1999-06-18','Niágara, 23','27000','Bretoña','54888746M'),(193,'Eduard Carricoba','1921-10-21','Pontes, 6','27000','Cuenca','39865671R'),(194,'Ángela Valle','1960-03-20','Raiña, 69','27000','Sada','22658859H'),(195,'Paloma Parga','1925-03-24','do Pomar, 26','27000','Ribeira','42677546B'),(196,'Isabel Aja','1969-04-15','Calderón, 13','27000','Friol','06915327D'),(197,'Margarita Morales','1966-09-23','Juana de Vega, 72','27000','Ferrol','31888726P'),(198,'Susana Romai','1999-01-18','de Perú, 76','27000','San Sebastian','33621837T'),(199,'Gloria Llosa','1974-03-27','San Carlos, 10','27000','Palas de Rei','84755868V'),(200,'Anabel Pareja','1971-03-05','Rafael Alberti, 12','27000','Vilalba','20412917A'),(201,'Amalia Tejado','1989-02-10','Lepanto, 29','27000','Betanzos','98386572R'),(202,'Iris Ariza','2005-03-26','General Prim, 12','27000','Burela','75642884R'),(203,'Xosé Manuel Iniesta','1984-07-15','Santa Cecilia, 38','27000','Lugo','46154419C'),(204,'Sandra Ruano','1990-10-18','Francisco Añón, 15','27000','Pontevedra','12920426S'),(205,'Elisa Domínguez','1952-08-03','Doutor Gasalla, 9','27000','Barcelona','86826753M'),(206,'Perfecta Gutierrez','1964-04-20','Torrente Ballester, 18','27000','Paradela','32042507B'),(207,'Guadalupe Escudero','1999-08-11','Miguel Delibes, 10','27000','Betanzos','16021942G'),(208,'Isolina Alsina','1961-07-09','Novoa Santos, 7','27000','Sigüenza','09826622X'),(209,'Manuel Núñez','1967-02-28','Calvo Sotelo, 56','27000','Bueu','14129864K'),(210,'Jonás Busto','1968-03-08','Emilio González López, 125','27000','Ourense','15573187W'),(211,'Alberto Fraga','1998-05-28','Dolomitas, 155','27000','Bertamiráns','33636239G'),(212,'María Ángeles Lado','2008-05-26','Roma, 3','27000','Mosteiro','48734267G'),(213,'Carmen Moliner','1931-03-17','Calvo Sotelo, 35','27000','Palas de Rei','18713237T'),(214,'Emilio Rouco','1955-01-02','Diagonal, 29','27000','Vilanova de Arousa','23838519P'),(215,'Pastora Comas','1924-05-14','Asia, 46','27000','Barcelona','48182589G'),(216,'Dimas San Román','1983-12-20','Lirio, 15','27000','Bertamiráns','84614761S'),(217,'Román Codesal','1970-04-23','Villaldía, 6','27000','Pontevedra','57461557J'),(218,'María Mercedes Yubero','2009-11-09','Lirio, 24','27000','Cuenca','34272916H'),(219,'Simón Amor','1963-07-27','Lope de Vega, 17','27000','Cervo','73157819V'),(220,'Rocío Boquete','1999-09-19','Trastámara, 7','27000','Arzúa','45314195D'),(221,'Edurne Valverde','1964-05-07','Nevado Bouza, 0','27000','Vilanova de Arousa','36378180T'),(222,'Monserrat Fraga','1939-06-19','Picos de Europa, 38','27000','Bilbao','78195868P'),(223,'David Villasanta','1936-07-27','General Prim, 2','27000','Meira','97248728J'),(224,'Felisa Salmorio','1995-02-26','Severo Ochoa, 9','27000','Atienza','67961886Z'),(225,'Pau Codinachs','1978-04-10','Raiña, 77','27000','Albacete','74633963K'),(226,'Ramona Loureiro','1941-06-13','Matias Lopez, 1','27000','Pobra de S. Xulián','12715125N'),(227,'Ramon Castiñeira','1922-12-15','La Seca, 59','27000','Coruña, A','75663587G'),(228,'Begonya Abella','1969-11-18','Napoleón, 7','27000','Monforte','74774622N'),(229,'Tristán Valle','1950-08-02','Santa Cecilia, 17','27000','Pol','64463350P'),(230,'Xermán Aroca','1941-05-25','Castellana, 14','27000','Bretoña','64837248H'),(231,'Idoia De la Vega','1958-07-09','Lirio, 28','27000','Burela','33965988W'),(232,'Casimiro Serantes','1978-11-06','Dolomitas, 74','27000','Ciudad Real','74753361A'),(233,'Nicolás Carricoba','1996-10-05','Real Observatorio Astronómico, 34','27000','Madrid','45575277H'),(234,'Reyes Mihura','1932-10-10','de la Universidad, 22','27000','Vilalba','25212659J'),(235,'Adela Herrero','1973-04-10','Cardenal Cisneros, 0','27000','Friol','15461215V'),(236,'Adrià Vilafranca','1931-07-02','Doutor Gasalla, 16','27000','Soria','64270000L'),(237,'Almudena Parada','1958-11-26','Panaderas, 2','27000','Madrid','57781601N'),(238,'Marcelo Diéguez','1989-02-08','Curros Enríquez, 0','27000','Betanzos','71129288V'),(239,'Rocío Cela','2004-02-25','Alexandre Bóveda, 50','27000','Samos','26617407J'),(240,'Julio Balado','1920-09-14','Danubio, 12','27000','Barcelona','53830221D'),(241,'Enric Couto','1937-12-27','Reis, 25','27000','Poio','41115383P'),(242,'Eugenia Núñez','1976-11-05','Barcelona, 13','27000','Monforte','24483967F'),(243,'Juan Canales','1926-05-19','Don Quijote, 6','27000','Friol','52662069G'),(244,'Arantxa Paredes','2003-02-27','San Martiño, 26','27000','Pontevedra','48755714S'),(245,'Elisa Posse','1936-09-24','Príncipe de Asturias, 11','27000','Castro de Rei','81425247A'),(246,'Isolina Reboredo','1937-08-13','Iroite, 23','27000','Atienza','45795887N'),(247,'Amaia Presedo','1981-03-27','Paralell, 13','27000','Ourense','55880236B'),(248,'Emma Caamaño','1926-04-26','Plaza Mayor, 41','27000','Badajoz','88917546Y'),(249,'Alejandro Serarols','1925-02-11','Federico García Lorca, 16','27000','Samos','46858870G'),(250,'Agustí Prada','1960-07-11','Príncipe de Viana, 20','27000','Pol','51065440N'),(251,'Eusebio Pereiras','1950-07-13','Courel, 78','27000','Ciudad Real','73587390V'),(252,'Ricard Abuín','1923-09-11','Miguel Delibes, 94','27000','Soria','87140567F'),(253,'Nerea Busto','1996-11-21','Lagos Miraverde, 1','27000','Paradela','37775251M'),(254,'María Carmen Llosa','1948-03-03','Río Ser, 61','27000','Láncara','92247494Z'),(255,'Beatriz Compte','1953-02-08','Cardenal Cisneros, 17','27000','Cervo','71247552S'),(256,'Pío Callón','1974-10-29','do Pomar, 31','27000','Bertamiráns','61558037D'),(257,'Pedro Picón','1935-10-08','San Martiño, 5','27000','Ribeira','11964146Y'),(258,'Yéssica Agra','1988-02-12','Plaza Mayor, 35','27000','Barcelona','27844195G'),(259,'María Carmen Braña','1929-12-13','Plaza de la Constitución, 3','27000','Culleredo','28581955Q'),(260,'Marcos Liz','1928-06-28','Río Rato, 12','27000','Ourense','27321753F'),(261,'Esperanza Monzón','1986-10-12','Eduardo Pondal, 54','27000','Sarria','28163409R'),(262,'Jesus Llamas','1951-11-08','San Clemente, 61','27000','Albacete','56453148Q'),(263,'Queralt Quintela','1966-04-19','Asia, 87','27000','Vilanova de Arousa','74635677X'),(264,'Vanessa Mendo','1949-08-25','de la Universidad, 45','27000','Santiago','64460343Z'),(265,'Guadalupe Andrés Picado','1926-07-04','Miguel de Unamuno, 17','27000','Oviedo','54538336T'),(266,'Leticia Alcaide','1965-05-10','Iroite, 45','27000','Badajoz','12487480K'),(267,'Queralt Touriño','1941-01-13','de la Fuente, 10','27000','Coruña, A','03447683Y'),(268,'Anxo Vidal','1946-09-20','Marina Española, 23','27000','Culleredo','47217732C'),(269,'Silvia Ruano','1926-04-28','de Chile, 4','27000','Bilbao','53281760Y'),(270,'Idoia Bastardas','1971-05-24','Miguel Delibes, 18','27000','Paradela','11197787F'),(271,'Mercedes Rodríquez-Moldes','1942-07-22','Ortega y Gasset, 28','27000','Cuenca','27134285N'),(272,'Natàlia Guzmán','1978-05-23','Courel, 102','27000','Ponferrada','35468638Q'),(273,'Mariona Santiso','1993-08-11','Greco, 12','27000','Sada','24678377K'),(274,'Vicente de Pedro','1993-10-08','San Andrés, 7','27000','Paradela','34651551G'),(275,'Rita Bastardes','1944-11-13','Juan Carlos I, 95','27000','Bilbao','25259211J'),(276,'Isaac Rabanal','2010-10-18','Nevado Bouza, 1','27000','San Martín de Guilla','31273427M'),(277,'Margarita Yáñez','1929-02-27','Avda. Burgo das Nacións, 28','27000','Pobra de S. Xulián','23000167Y'),(278,'Jesus Riola','1998-10-11','Anduriñas, 36','27000','Baralla','86504131G'),(279,'Rocío Pueyo','1941-11-13','O Galego Soto, 18','27000','Albacete','19366871C'),(280,'Ariadna Canicoba','1933-12-29','Castillo, 47','27000','Burela','44876635R'),(281,'Eva Fontán','1978-03-26','Farelo, 5','27000','Friol','95872886P'),(282,'Anabel Durán','1921-02-14','General Prim, 4','27000','Pobra de S. Xulián','49586669A'),(283,'Gonzalo Neira','1922-10-17','Monte Faro, 33','27000','Palas de Rei','61726844L'),(284,'Arsenio Abuín','1980-10-28','Ramón y Cajal, 34','27000','Samos','77215795B'),(285,'Guillem Nadal','1995-04-20','Pontes, 16','27000','Bretoña','51945076J'),(286,'Adán Aguilar','1985-08-24','Albert Einstein, 11','27000','Sepúlveda','18263649Q'),(287,'Arantxa Canicoba','1949-11-11','Camiño Real, 21','27000','Tenerife','36364962F'),(288,'Basilio Touriño','1962-06-22','Lepanto, 38','27000','Bretoña','70616293Z'),(289,'Rosalía Algué','1959-04-24','Monte Faro, 23','27000','Ponferrada','95665679P'),(290,'Fátima Bajona','1926-06-29','Lepanto, 58','27000','Taboada','64114736M'),(291,'Daniel Armencot','1935-02-24','Marina Española, 101','27000','Albacete','47204825Q'),(292,'Virginia Pascual','1951-10-26','Beethoven, 12','27000','Tenerife','59426619R'),(293,'Ivet Bouza','1941-08-11','Camilo José Cela, 54','27000','Culleredo','37781615K'),(294,'Salvador Baraldés','1994-02-02','Plaza de España, 83','27000','Samos','32251553X'),(295,'Ingrid Costa','1963-02-05','Ronda de Outeiro, 11','27000','Ribeira','94457077X'),(296,'Pilar Uceda','2002-03-09','San Martiño, 75','27000','Sigüenza','51133451N'),(297,'Aleix Guerra','1980-09-17','do Pomar, 35','27000','Baralla','49618872Y'),(298,'Mario Altimiras','1984-06-29','Barbanza, 53','27000','Vilalba','34858670P'),(299,'Antonio Del Río','2009-01-05','Monte Faro, 33','27000','Friol','52728506V'),(300,'Juan Miguel Castelo','2004-02-21','Beiramar, 38','27000','Pobra de S. Xulián','16987817V'),(301,'Ricard Lago','1960-06-26','Estatuto de Autonomía, 13','27000','Coruña, A','84891552R'),(302,'María Monserrat Orozco','1961-12-02','Real Observatorio Astronómico, 34','27000','Palas de Rei','25803301S'),(303,'Catalina Pou','1931-02-28','de Francia, 20','27000','Poio','04961875Q'),(304,'Begonya Campos','1925-08-20','Miguel de Cervantes, 25','27000','Vilalba','47684532N'),(305,'Arturo Pereiras','2009-05-26','San Froilán, 15','27000','Vilalba','54627274C'),(306,'Pedro Forqué','1994-09-03','Farelo, 27','27000','Monforte','80586781W'),(307,'Joan Agra','1965-04-19','Molinos, 49','27000','Taboada','48174817Y'),(308,'María Nieves Cacharro','1996-08-18','Beiramar, 41','27000','Barcelona','85434301L'),(309,'Joaquín Allegue','1997-07-29','García Abad, 13','27000','Santiago','25921788Y'),(310,'Herminia Arpa','2011-03-24','San Clemente, 50','27000','Soria','21818105Y'),(311,'Gloria Fraile','1992-09-06','Príncipe de Viana, 15','27000','Palas de Rei','92428851Q'),(312,'Begonya Bañobre','1971-02-24','Pares de Francia, 38','27000','Oviedo','51787152F'),(313,'Joaquín Aira','1968-03-13','Isabel II, 23','27000','Meira','31531601G'),(314,'Ascensión Neira','1972-02-26','de Chile, 6','27000','Vigo','57287082Q'),(315,'Alicia Segura','2008-09-15','Niágara, 19','27000','Burela','22313570M'),(316,'Alexia Alins','2008-06-09','Anduriñas, 13','27000','Badajoz','65887097D'),(317,'María Inmaculada Iniesta','1931-05-06','Gran Vía, 90','27000','Cuenca','03825211N'),(318,'Gertrudis Vilela','1946-10-24','General Prim, 73','27000','Vigo','54550425Z'),(319,'Isidro Osorio','1995-03-12','Severo Ochoa, 23','27000','San Sebastian','56365539Z'),(320,'Olaya Barcons','1942-08-10','Carlos I, 49','27000','Bertamiráns','68302245L'),(321,'Natàlia Flotats','1982-04-05','Jultayu, 2','27000','Poio','07634096M'),(322,'Noel Sieira','1927-03-15','Roma, 1','27000','Cervo','11268434K'),(323,'Gonzalo Tomé','2006-01-11','Courel, 86','27000','Mosteiro','95735462D'),(324,'Aránzazu Lata','2002-04-13','Roma, 5','27000','Betanzos','64461741D'),(325,'Ángela Cortés','1969-11-23','Juana de Vega, 17','27000','Samos','12676275D'),(326,'Santos Fernández de La Vega','1928-07-02','Brasil, 27','27000','Sada','01338383J'),(327,'María Mercedes Tomás','1934-10-13','Murallón, 38','27000','Pol','24677736R'),(328,'Eugenia Pais','1944-11-11','Brasil, 11','27000','Pol','08468521J'),(329,'Lina Frade','1943-03-03','García Márquez, 28','27000','Atienza','11081065X'),(330,'Carla Currás','1960-07-09','Mariana Pineda, 71','27000','Badajoz','76280238W'),(331,'Kevin Reyes','1930-09-01','Ortega y Gasset, 9','27000','Pontevedra','06432259X'),(332,'Arturo Miramontes','1987-08-26','Padrón, 60','27000','Sarria','05468440Y'),(333,'Guillerme Bañobre','1931-06-27','Progreso, 10','27000','San Sebastian','78363623R'),(334,'Fernando Serarols','1986-07-16','Carlos III, 11','27000','Bueu','43400970Q'),(335,'Vanessa Baena','1948-05-26','Calvo Sotelo, 40','27000','Castro de Rei','16832160R'),(336,'Natàlia Lado','1943-09-15','Catalunya, 90','27000','Palas de Rei','84727482J'),(337,'Leticia Casares','2000-08-06','Federico García Lorca, 9','27000','Santiago','85224735Y'),(338,'Paloma Diéguez','1954-11-02','Centolo, 42','27000','Arzúa','10719636A'),(339,'Lorena Moreno','1979-05-22','Juana de Vega, 57','27000','Cervo','32264269F'),(340,'Eloisa Pallares','2011-04-12','Reis, 3','27000','Vilanova de Arousa','99718455T'),(341,'Bernardo Nadal','1935-04-18','Príncipe de Asturias, 22','27000','Mosteiro','86572662H'),(342,'Gregorio Ramoneda','1947-04-14','San Carlos, 20','27000','Baralla','73167247S'),(343,'Jesus Santos','1936-07-02','Jultayu, 29','27000','Oviedo','26585371Q'),(344,'Yon Andreu','2001-06-12','San Froilán, 29','27000','Castro de Rei','28852316N'),(345,'Eugenio Ramallal','1949-12-20','Ortega y Gasset, 59','27000','Cervo','24685938S'),(346,'Mirta Llamas','1999-09-25','Panaderas, 21','27000','Monforte','14941155X'),(347,'Milagros Fontao','1952-12-12','San Marcos, 33','27000','Soria','56588732S'),(348,'Dimas Tejado','1927-05-08','Albert Einstein, 10','27000','Vilalba','93978300R'),(349,'Teresa Guadalupe Lago','2010-04-09','de Argentina, 41','27000','Palas de Rei','16825385B'),(350,'Pau Boente','1922-05-18','Tui, 0','27000','Santiago','23215642V'),(351,'Jessica Fandiño','2003-06-11','Danubio, 19','27000','Coruña, A','67063640X'),(352,'Anxo Veloso','1977-11-11','Pontes, 5','27000','Vigo','17483121Q'),(353,'Ferran de Pedro','1978-10-27','Concha, 17','27000','Bilbao','26843691T'),(354,'Ramona Vizcaya','1958-06-26','Pirineos, 33','27000','Samos','46134252R'),(355,'Iker Salgado','1953-05-13','Don Quijote, 18','27000','Tenerife','34132805T'),(356,'Yon Suarez','2006-05-23','Jultayu, 3','27000','Ribeira','27134197Q'),(357,'Luz Lara','2010-10-19','Mozart, 1','27000','Sada','33775271R'),(358,'Carlota Rego','1960-12-15','Gañidoira, 51','27000','Baralla','12727291B'),(359,'Isolina Larrañaga','1965-02-03','Nevado Bouza, 1','27000','Castro Urdiales','52468247A'),(360,'Regina Dobarrio','1953-06-29','Jerez, 21','27000','Lugo','68660287C'),(361,'Delia Casona','1922-10-20','San Andrés, 11','27000','San Sebastian','21742681E'),(362,'Gerard Viñas','1974-05-23','Príncipe de Asturias, 1','27000','Ourense','65676205G'),(363,'Basilio Guerreiro','1997-02-24','Loureiro Crespo, 5','27000','Bueu','40654803A'),(364,'María José Serred','1994-11-21','Ramón Ferreiro, 43','27000','Friol','69867697E'),(365,'Karina Cava','1944-07-21','Cánovas del Castillo, 2','27000','Monforte','83147532W'),(366,'Mònica Ces','1922-02-05','de la Fuente, 54','27000','Palas de Rei','79586844J'),(367,'Wenceslao Silvarrey','1934-08-15','Pirineos, 118','27000','Vilanova de Arousa','51937183D'),(368,'Víctor Tajes','1986-09-02','Rafael Alberti, 4','27000','Castro de Rei','82525726R'),(369,'Gema Expósito','1979-06-29','República Española, 37','27000','San Martín de Guilla','33776268D'),(370,'Berta Baltar','1980-10-22','Tino Grandío, 5','27000','Palas de Rei','57203312N'),(371,'Agustí Agra','2009-05-23','Vía Láctea, 77','27000','Oviedo','34251124F'),(372,'David Goy','1926-04-26','Don Quijote, 63','27000','Castro de Rei','66568183L'),(373,'Patricia Esteban','2000-09-21','da Zarra, 58','27000','Friol','56426858S'),(374,'Nicolás Casas','1970-05-02','San Froilán, 27','27000','Monforte','00128871W'),(375,'Soledad Durán','1955-04-06','Monte Faro, 4','27000','Samos','07749622W'),(376,'Rosalía Armencot','1973-06-13','Marina Española, 91','27000','Albacete','47410777A'),(377,'José Luís Berengueras','1990-05-17','Carlos I, 46','27000','Pobra de S. Xulián','63432061Q'),(378,'Mario Aloy','1942-11-09','Ramón Ferreiro, 8','27000','Vilalba','15398441X'),(379,'Evangelina de Pedro','2000-11-18','de la Fuente, 38','27000','Meira','66022385B'),(380,'Gregorio Merodio','1950-06-01','Fernando III, 44','27000','San Martín de Guilla','43384477Z'),(381,'David Boente','1989-06-01','Río Ebro, 77','27000','Barcelona','56097781E'),(382,'Serxio Lameiro','1942-06-16','Murallón, 15','27000','Sarria','04322385H'),(383,'María Inmaculada Balsa','1938-04-19','Miguelangel, 49','27000','Arzúa','63826602S'),(384,'Paloma Santiso','2011-07-16','Molinos, 13','27000','Soria','54203781A'),(385,'Begonya Baldonedo','1988-02-07','Mozart, 16','27000','Cuenca','44398488R'),(386,'Rafael Crespo','1961-12-07','San Froilán, 13','27000','Mosteiro','14892177E'),(387,'Aleix Valiño','1969-02-28','Ravel, 6','27000','Sada','45303365N'),(388,'Iago Mon','1934-09-23','Av. da Peregrina, 2','27000','Poio','01418232Y'),(389,'Mireia Sestayo','1974-08-06','Benigno Quiroga, 18','27000','Culleredo','35874754K'),(390,'Miquel Sanmiguel','1993-02-02','Miguel de Cervantes, 32','27000','Madrid','32887253J'),(391,'Amalia Vargas','1986-11-28','Plaza de España, 39','27000','Ponferrada','31551075C'),(392,'Gerard Posse','1928-02-11','Ramón y Cajal, 35','27000','Albacete','73426657P'),(393,'Jordi Esparís','1966-06-20','Av. da Peregrina, 0','27000','Bertamiráns','42524613M'),(394,'Virginia Piqué','1974-12-25','Chopin, 57','27000','Sigüenza','38644810A'),(395,'Genoveva Aguilar','2009-10-27','Cantón, 39','27000','Santiago','54531726Z'),(396,'Román Florido','2007-11-09','Villaldía, 94','27000','Mosteiro','98454539A'),(397,'Felisa Indurain','1928-03-22','Loureiro Crespo, 1','27000','Meira','41252271T'),(398,'Bruno Herms','1981-04-07','Diagonal, 81','27000','Mosteiro','77412670Y'),(399,'Valentí Barreal','1990-10-18','Ramón Piñeiro, 114','27000','San Sebastian','74076356A'),(400,'Fátima Guerra','1926-12-10','Finisterre, 28','27000','Palas de Rei','09864126R'),(401,'Iago Varela','2007-04-15','Beethoven, 49','27000','Arzúa','92452581X'),(402,'Aleix Lamas','1941-09-24','Jultayu, 1','27000','Láncara','67247537E'),(403,'Francesc Guerrero','1953-04-03','Antoni Gaudí, 13','27000','Oviedo','12194152N'),(404,'Rosa Figuls','1988-09-08','Mirador, 19','27000','Ciudad Real','24752593Q'),(405,'Alberto Marcos Touriño','1965-02-04','Camilo José Cela, 14','27000','Pontevedra','63114824H'),(406,'Ariadna Beiras','1989-02-02','Chopin, 7','27000','Pontevedra','38658872N'),(407,'Ferran Ladra','1944-11-14','San Carlos, 33','27000','Castro de Rei','71337697T'),(408,'Candela Bueno','1966-11-17','de Perú, 34','27000','Sarria','57132922W'),(409,'Olga Vázquez','1966-09-22','Lirio, 23','27000','Tenerife','37565049T'),(410,'Eugenia Vieito','1925-01-29','del Sol, 40','27000','Samos','57844804B'),(411,'Adán Nouche','2003-12-03','Cantón, 80','27000','Barcelona','96357148M'),(412,'Sergio Larrañaga','1968-10-07','Yañez Rebolo, 86','27000','Ferrol','46649719S'),(413,'Andrés Solas','1996-04-28','do Campo, 78','27000','Ferrol','76288998E'),(414,'Tomás Ramos','1945-10-25','Castillo, 18','27000','Culleredo','98677338R'),(415,'Beatriz Salmorio','1951-04-08','Cantón, 77','27000','Sarria','15469657H'),(416,'Xermán Almodóvar','1951-10-21','República Española, 13','27000','Castro Urdiales','53172929B'),(417,'Mercé Busquets','1996-10-04','Estatuto de Autonomía, 32','27000','Poio','43182277F'),(418,'Luís Almodóvar','1965-08-11','Villaldía, 9','27000','Palas de Rei','03622593R'),(419,'Rubén Losada','1942-12-01','Dolomitas, 34','27000','Poio','83644564G'),(420,'Gerard Rascón','1956-02-06','San Martiño, 60','27000','Bertamiráns','28473226P'),(421,'Benito Bonvehí','1995-05-11','Anduriñas, 56','27000','Cuenca','57289035Z'),(422,'Paz D\'haene','2012-01-04','Barbanza, 33','27000','Cuenca','69712746E'),(423,'Nicolás Miramontes','1959-07-04','das Fontiñas, 3','27000','Bueu','01564098Y'),(424,'María José Fraile','1958-04-05','Estrella, 25','27000','Albacete','68510648L'),(425,'Esther Bouza','1990-02-07','Marina Española, 77','27000','Cuenca','87475435H'),(426,'Nuria Boga','1976-10-28','Orzán, 26','27000','Barcelona','54551737S'),(427,'Toni Faraldo','1936-06-15','Gañidoira, 20','27000','Atienza','28482244X'),(428,'Salomón Rozas','1923-06-05','Capilla, 18','27000','Pobra de S. Xulián','27286465R'),(429,'Damià Oujo','1990-02-06','Finisterre, 74','27000','Bretoña','83831412T'),(430,'Blas Bernardo','1947-09-11','Valle Inclán, 53','27000','Coruña, A','58177463K'),(431,'Enric Neira','1921-11-11','Av. da Peregrina, 1','27000','Láncara','63782586K'),(432,'Araceli Cadillo','1945-03-02','Barbanza, 53','27000','Cuenca','69844247D'),(433,'Jairo Blanco','2010-10-27','Tino Grandío, 3','27000','Poio','39726426K'),(434,'Ismael Santos','1924-08-28','Orzán, 40','27000','Madrid','68328155P'),(435,'Xacobe Rasero','2004-05-21','Calvo Sotelo, 88','27000','Badajoz','98447821R'),(436,'Magdalena Fontanet','1962-08-19','Agro da Torna, 27','27000','Tenerife','61275245W'),(437,'Ibán Caballero','1981-03-26','Barcelona, 42','27000','San Sebastian','46217480S'),(463,'Alicia Arango Ares','1971-06-01','Angelo Colocci, 42','27001','Lugo','12345670F'),(464,'Bieito Bouza Brey','1971-06-02','Angelo Colocci, 44','27001','Lugo','12345671G'),(465,'Alicia Arango Ares','1971-06-01','Angelo Colocci, 42','27001','Lugo','12345670F'),(466,'Bieito Bouza Brey','1971-06-02','Angelo Colocci, 44','27001','Lugo','12345671G');

UNLOCK TABLES;

--
-- Table structure for table `esp_manobra`
--

DROP TABLE IF EXISTS esp_manobra;

CREATE TABLE esp_manobra (
  id int(10) unsigned NOT NULL AUTO_INCREMENT,
  nome char(40) CHARACTER SET latin1 COLLATE latin1_spanish_ci NOT NULL,
  PRIMARY KEY (`id`)
) ENGINE=InnoDB AUTO_INCREMENT=22 DEFAULT CHARSET=utf8 COLLATE=utf8_spanish2_ci;


--
-- Dumping data for table `esp_manobra`
--

LOCK TABLES esp_manobra WRITE;

INSERT INTO esp_manobra VALUES (1,'Cardioloxía'),(2,'Neurociruxía'),(3,'Otorrinolaringoloxía'),(4,'Oftalmoloxía'),(5,'Traumatoloxía'),(8,'Alergoloxía'),(9,'Anestesioloxía'),(10,'Gastroenteroloxía'),(11,'Endocrinoloxía'),(12,'Xeriatría'),(13,'Hematoloxía'),(14,'Medicina Interna'),(15,'Nefroloxía'),(16,'Neumoloxía'),(17,'Neuroloxía'),(18,'Oncoloxía Médica'),(19,'Oncoloxía Radioterápica'),(20,'Reumatoloxía'),(21,'Ciruxía Plástica e Reparadora');

UNLOCK TABLES;

--
-- Table structure for table `habitacion`
--

DROP TABLE IF EXISTS habitacion;

CREATE TABLE habitacion (
  hab_numero int(11) NOT NULL,
  hab_numcamas smallint(6) NOT NULL,
  PRIMARY KEY (hab_numero)
) ENGINE=InnoDB DEFAULT CHARSET=latin1;


--
-- Dumping data for table `habitacion`
--

LOCK TABLES habitacion WRITE;

INSERT INTO habitacion VALUES (101,2),(102,2),(103,2),(104,3),(105,2),(106,2),(107,1),(108,2),(109,3),(110,2),(111,2),(112,3),(113,2),(114,2),(115,2),(116,1),(117,2),(118,2),(119,2),(120,2),(121,1),(122,3),(123,1),(124,2),(125,2),(126,3),(127,1),(128,2),(129,2),(130,2),(131,2),(132,2),(133,2),(134,2),(135,2),(136,2),(137,1),(138,2),(139,1),(140,3),(141,1),(142,2),(143,2),(144,2),(145,2),(146,2),(147,2),(148,2),(149,3),(150,1),(201,1),(202,1),(203,2),(204,2),(205,2),(206,1),(207,3),(208,2),(209,2),(210,1),(211,2),(212,2),(213,2),(214,3),(215,3),(216,2),(217,3),(218,2),(219,2),(220,3),(221,1),(222,2),(223,2),(224,3),(225,2),(226,2),(227,2),(228,2),(229,2),(230,1),(231,2),(232,2),(233,2),(234,2),(235,2),(236,1),(237,1),(238,2),(239,3),(240,1),(241,3),(242,2),(243,2),(244,3),(245,2),(246,2),(247,2),(248,2),(249,2),(250,2),(251,2),(252,3),(253,2),(254,2),(255,2),(256,2),(257,2),(258,2),(259,1),(260,2),(261,1),(262,3),(301,2),(302,2),(303,2),(304,2),(305,2),(306,2),(307,2),(308,2),(309,2),(310,1),(311,1),(312,1),(313,2),(314,2),(315,2),(316,1),(317,2),(318,2),(319,2),(320,2),(321,2),(322,2),(323,2),(324,2),(325,1),(326,3),(327,2),(328,1),(329,2),(330,3),(331,2),(332,2),(333,2),(334,2),(335,2),(336,2),(337,1),(338,2),(339,2),(340,1),(341,2),(342,2),(343,1),(344,2),(345,1),(346,2),(347,2),(348,1),(349,1),(350,2),(351,1),(352,2);

UNLOCK TABLES;

--
-- Table structure for table `ingreso`
--

DROP TABLE IF EXISTS ingreso;

CREATE TABLE ingreso (
  ing_id int(11) NOT NULL AUTO_INCREMENT,
  ing_nhdoente int(11) NOT NULL,
  ing_dataingreso date NOT NULL,
  ing_numhabitacion int(11) DEFAULT NULL,
  ing_dataalta varchar(45) DEFAULT NULL,
  PRIMARY KEY (ing_id),
  KEY ing_nhdoente (ing_nhdoente),
  KEY ing_numhabitacion (ing_numhabitacion),
  CONSTRAINT ingreso_ibfk_1 FOREIGN KEY (ing_nhdoente) REFERENCES doente (doe_numhistoria),
  CONSTRAINT ingreso_ibfk_2 FOREIGN KEY (ing_numhabitacion) REFERENCES habitacion (hab_numero)
) ENGINE=InnoDB AUTO_INCREMENT=486 DEFAULT CHARSET=latin1;


--
-- Dumping data for table `ingreso`
--

LOCK TABLES ingreso WRITE;

INSERT INTO ingreso VALUES (1,1,'2005-10-01',101,'2015-01-15'),(2,2,'2005-02-10',102,NULL),(3,3,'2005-03-10',103,NULL),(4,4,'2005-04-10',101,NULL),(5,5,'2005-05-10',104,NULL),(6,6,'2005-06-10',102,NULL),(7,6,'2005-06-21',NULL,NULL),(8,7,'2005-07-10',105,NULL),(9,8,'2005-08-10',104,NULL),(10,2,'2005-09-01',201,NULL),(11,5,'2005-09-01',202,NULL),(12,7,'2005-09-01',203,NULL),(13,1,'2005-09-01',203,'2015-01-15'),(14,2,'2005-11-05',NULL,NULL),(17,120,'2005-08-29',343,NULL),(18,69,'2011-11-16',205,NULL),(19,13,'2011-09-23',117,NULL),(20,408,'2009-07-14',333,NULL),(21,26,'2010-06-03',122,NULL),(22,407,'2006-04-28',149,NULL),(23,71,'2012-07-10',NULL,NULL),(24,380,'2007-03-03',NULL,NULL),(25,113,'2006-07-27',106,NULL),(26,303,'2010-01-27',236,NULL),(27,65,'2007-05-18',209,NULL),(28,343,'2008-07-08',303,NULL),(29,20,'2005-09-10',125,NULL),(30,311,'2010-07-13',350,NULL),(31,137,'2010-08-24',101,NULL),(32,108,'2010-11-06',126,NULL),(33,48,'2011-03-10',347,NULL),(34,409,'2011-02-19',246,NULL),(35,174,'2008-03-18',309,NULL),(36,420,'2011-02-02',136,NULL),(37,112,'2010-09-02',225,NULL),(38,241,'2005-10-06',108,NULL),(39,143,'2009-06-16',235,NULL),(40,218,'2006-03-12',114,NULL),(41,379,'2005-12-16',146,NULL),(42,434,'2009-07-21',305,NULL),(43,315,'2007-06-06',320,NULL),(44,324,'2009-11-08',114,NULL),(45,122,'2007-06-04',338,NULL),(46,157,'2009-10-27',135,NULL),(47,295,'2007-08-25',346,NULL),(48,422,'2009-10-02',305,NULL),(49,81,'2011-04-17',348,NULL),(50,274,'2007-10-28',129,NULL),(51,284,'2006-11-25',103,NULL),(52,96,'2005-06-26',325,NULL),(53,280,'2011-12-04',226,NULL),(54,69,'2011-06-15',332,NULL),(55,97,'2007-12-12',103,NULL),(56,243,'2012-07-18',312,NULL),(57,196,'2012-04-07',352,NULL),(58,291,'2007-10-17',234,NULL),(59,318,'2006-02-01',211,NULL),(60,295,'2008-07-07',249,NULL),(61,49,'2008-08-06',329,NULL),(62,1,'2009-11-15',118,'2015-01-15'),(63,84,'2010-05-19',232,NULL),(64,32,'2012-04-11',126,NULL),(65,102,'2011-09-13',113,NULL),(66,85,'2009-07-22',332,NULL),(67,433,'2005-09-06',308,NULL),(68,251,'2012-01-10',258,NULL),(69,26,'2007-09-13',335,NULL),(70,27,'2008-07-26',147,NULL),(71,282,'2008-09-11',252,NULL),(72,153,'2008-10-15',104,NULL),(73,139,'2007-09-14',107,NULL),(74,391,'2008-08-16',148,NULL),(75,320,'2011-04-20',330,NULL),(76,237,'2008-07-07',246,NULL),(77,359,'2011-02-23',129,NULL),(78,401,'2007-06-02',303,NULL),(79,219,'2008-11-29',248,NULL),(80,355,'2010-10-24',211,NULL),(81,65,'2008-05-13',219,NULL),(82,72,'2008-02-03',203,NULL),(83,146,'2009-04-18',223,NULL),(84,260,'2011-12-25',311,NULL),(85,200,'2006-11-11',212,NULL),(86,54,'2011-07-05',124,NULL),(87,42,'2009-11-15',136,NULL),(88,237,'2005-10-23',325,NULL),(89,433,'2008-01-18',212,NULL),(90,426,'2006-11-21',135,NULL),(91,247,'2008-06-16',337,NULL),(92,417,'2010-04-04',113,NULL),(93,298,'2009-04-15',211,NULL),(94,196,'2012-08-24',323,NULL),(95,20,'2010-08-28',327,NULL),(96,62,'2011-06-08',128,NULL),(97,265,'2005-07-13',307,NULL),(98,229,'2006-12-09',351,NULL),(99,142,'2007-12-24',320,NULL),(100,194,'2007-01-04',140,NULL),(101,49,'2008-10-20',313,NULL),(102,428,'2007-07-26',205,NULL),(103,112,'2008-09-09',143,NULL),(104,245,'2011-05-26',231,NULL),(105,358,'2009-05-27',134,NULL),(106,114,'2008-08-12',249,NULL),(107,169,'2007-06-10',136,NULL),(108,4,'2011-03-04',332,NULL),(109,413,'2008-09-29',332,NULL),(110,356,'2008-12-10',349,NULL),(111,363,'2009-04-15',147,NULL),(112,232,'2012-10-28',345,NULL),(113,296,'2011-12-04',316,NULL),(114,61,'2009-03-05',116,NULL),(115,4,'2008-08-22',139,NULL),(116,422,'2008-08-22',342,NULL),(117,81,'2012-07-16',213,NULL),(118,144,'2009-08-01',211,NULL),(119,47,'2012-04-12',210,NULL),(120,86,'2005-02-03',236,NULL),(121,227,'2006-06-16',311,NULL),(122,87,'2005-01-03',322,NULL),(123,46,'2011-10-09',324,NULL),(124,147,'2009-07-22',203,NULL),(125,407,'2011-05-29',252,NULL),(126,326,'2010-03-19',230,NULL),(127,153,'2009-04-13',350,NULL),(128,79,'2008-06-20',212,NULL),(129,32,'2006-05-01',343,NULL),(130,166,'2009-06-04',237,NULL),(131,399,'2005-12-16',247,NULL),(132,139,'2010-04-07',303,NULL),(133,293,'2009-10-29',345,NULL),(134,336,'2009-08-10',248,NULL),(135,376,'2005-02-07',352,NULL),(136,63,'2008-02-03',237,NULL),(137,221,'2011-10-06',202,NULL),(138,54,'2010-03-16',130,NULL),(139,357,'2012-10-02',137,NULL),(140,159,'2011-10-10',132,NULL),(141,227,'2009-11-12',346,NULL),(142,237,'2009-10-12',218,NULL),(143,6,'2011-03-09',213,NULL),(144,385,'2008-09-06',105,NULL),(145,248,'2011-07-18',346,NULL),(146,128,'2011-05-08',124,NULL),(147,147,'2005-05-14',229,NULL),(148,53,'2008-01-25',131,NULL),(149,291,'2006-04-26',102,NULL),(150,358,'2007-09-11',212,NULL),(151,205,'2012-01-04',130,NULL),(152,386,'2010-10-19',145,NULL),(153,258,'2005-08-25',259,NULL),(154,231,'2005-09-22',259,NULL),(155,28,'2005-02-15',210,NULL),(156,252,'2012-06-06',305,NULL),(157,436,'2008-10-13',203,NULL),(158,412,'2008-06-13',222,NULL),(159,115,'2010-01-03',227,NULL),(160,191,'2009-03-28',140,NULL),(161,16,'2007-06-08',101,NULL),(162,22,'2010-07-09',214,NULL),(163,79,'2010-06-20',240,NULL),(164,347,'2008-11-25',347,NULL),(165,64,'2008-04-01',222,NULL),(166,98,'2011-06-15',310,NULL),(167,356,'2010-02-19',219,NULL),(168,366,'2008-10-13',121,NULL),(169,424,'2009-07-21',347,NULL),(170,251,'2006-09-27',341,NULL),(171,390,'2010-12-10',139,NULL),(172,141,'2006-08-07',240,NULL),(173,94,'2011-03-17',351,NULL),(174,414,'2008-09-23',218,NULL),(175,235,'2011-11-24',209,NULL),(176,29,'2007-06-15',119,NULL),(177,336,'2011-09-23',310,NULL),(178,357,'2009-03-25',216,NULL),(179,137,'2007-05-13',210,NULL),(180,174,'2007-07-11',112,NULL),(181,344,'2006-12-28',316,NULL),(182,419,'2012-08-27',259,NULL),(183,366,'2010-08-21',305,NULL),(184,16,'2009-11-10',326,NULL),(185,98,'2010-10-21',111,NULL),(186,322,'2009-08-04',316,NULL),(187,266,'2009-10-22',240,NULL),(188,378,'2011-05-06',307,NULL),(189,261,'2011-08-08',332,NULL),(190,166,'2009-09-20',121,NULL),(191,215,'2011-09-20',312,NULL),(192,50,'2010-11-26',240,NULL),(193,62,'2010-09-08',343,NULL),(194,261,'2009-01-16',330,NULL),(195,57,'2006-12-08',217,NULL),(196,29,'2006-04-06',231,NULL),(197,290,'2011-02-07',334,NULL),(198,382,'2008-05-12',329,NULL),(199,117,'2008-06-15',128,NULL),(200,282,'2005-07-13',326,NULL),(201,92,'2007-11-04',331,NULL),(202,207,'2007-02-10',344,NULL),(203,111,'2011-06-15',230,NULL),(204,275,'2006-04-25',313,NULL),(205,365,'2010-06-24',250,NULL),(206,232,'2006-07-29',311,NULL),(207,430,'2008-11-27',244,NULL),(208,104,'2009-11-16',141,NULL),(209,191,'2008-07-07',209,NULL),(210,43,'2007-02-08',228,NULL),(211,235,'2009-03-23',324,NULL),(212,279,'2011-08-08',103,NULL),(213,290,'2008-07-13',214,NULL),(214,127,'2012-02-21',346,NULL),(215,386,'2008-01-23',129,NULL),(216,326,'2010-02-13',134,NULL),(217,166,'2011-12-02',212,NULL),(218,207,'2006-06-16',340,NULL),(219,53,'2006-08-17',313,NULL),(220,247,'2011-02-06',311,NULL),(221,403,'2006-03-15',138,NULL),(222,181,'2005-04-08',133,NULL),(223,29,'2006-02-15',115,NULL),(224,268,'2011-10-28',321,NULL),(225,87,'2011-02-14',112,NULL),(226,424,'2009-06-02',222,NULL),(227,108,'2011-05-02',348,NULL),(228,92,'2006-04-23',138,NULL),(229,402,'2006-02-08',344,NULL),(230,181,'2008-04-24',327,NULL),(231,288,'2010-11-24',248,NULL),(232,22,'2010-04-06',303,NULL),(233,268,'2005-12-14',332,NULL),(234,404,'2008-05-06',220,NULL),(235,262,'2011-04-27',133,NULL),(236,385,'2007-07-19',121,NULL),(237,131,'2011-10-26',233,NULL),(238,247,'2009-04-08',305,NULL),(239,387,'2006-03-09',135,NULL),(240,402,'2007-10-18',218,NULL),(241,326,'2010-07-08',301,NULL),(242,285,'2010-06-28',334,NULL),(243,122,'2009-08-07',247,NULL),(244,22,'2012-04-05',351,NULL),(245,322,'2009-12-20',347,NULL),(246,387,'2008-06-02',249,NULL),(247,433,'2007-11-10',146,NULL),(248,324,'2011-08-10',352,NULL),(249,67,'2009-09-25',331,NULL),(250,280,'2005-11-24',136,NULL),(251,214,'2012-01-10',351,NULL),(252,145,'2006-12-07',257,NULL),(253,418,'2007-02-13',117,NULL),(254,362,'2012-05-29',241,NULL),(255,288,'2006-08-14',123,NULL),(256,230,'2011-09-15',317,NULL),(257,210,'2010-05-15',110,NULL),(258,67,'2010-04-12',352,NULL),(259,240,'2008-09-27',229,NULL),(260,59,'2007-02-08',120,NULL),(261,267,'2010-04-03',349,NULL),(262,38,'2007-02-14',322,NULL),(263,319,'2005-11-02',142,NULL),(264,404,'2007-03-26',226,NULL),(265,283,'2009-06-18',344,NULL),(266,176,'2012-10-21',223,NULL),(267,290,'2006-11-02',348,NULL),(268,57,'2011-11-16',145,NULL),(269,19,'2008-06-25',136,NULL),(270,181,'2005-08-02',313,NULL),(271,326,'2005-11-02',316,NULL),(272,184,'2009-06-10',240,NULL),(273,312,'2005-12-15',111,NULL),(274,98,'2007-04-18',121,NULL),(275,143,'2006-03-23',132,NULL),(276,260,'2008-06-29',117,NULL),(277,63,'2011-11-22',312,NULL),(278,168,'2006-08-07',209,NULL),(279,150,'2006-02-26',118,NULL),(280,22,'2006-05-07',107,NULL),(281,239,'2007-07-12',252,NULL),(282,411,'2005-02-14',214,NULL),(283,312,'2011-03-02',260,NULL),(284,324,'2005-06-29',222,NULL),(285,358,'2008-11-26',326,NULL),(286,318,'2010-07-14',246,NULL),(287,106,'2009-09-13',148,NULL),(288,230,'2008-07-29',346,NULL),(289,226,'2007-03-23',243,NULL),(290,223,'2008-02-28',125,NULL),(291,432,'2010-01-01',347,NULL),(292,58,'2008-06-19',331,NULL),(293,400,'2008-02-24',303,NULL),(294,287,'2008-08-14',147,NULL),(295,156,'2010-09-09',316,NULL),(296,433,'2008-05-18',343,NULL),(297,23,'2008-05-07',138,NULL),(298,215,'2008-12-20',204,NULL),(299,107,'2006-11-22',244,NULL),(300,303,'2006-07-02',NULL,NULL),(301,379,'2009-04-21',248,NULL),(302,1,'2011-01-13',111,'2015-01-15'),(303,164,'2008-09-09',342,NULL),(304,37,'2006-09-18',343,NULL),(305,260,'2012-11-29',248,NULL),(306,235,'2010-07-18',306,NULL),(307,123,'2007-12-08',328,NULL),(308,110,'2010-05-14',237,NULL),(309,154,'2010-04-07',328,NULL),(310,422,'2011-07-10',122,NULL),(311,371,'2011-07-26',324,NULL),(312,274,'2007-06-28',233,NULL),(313,21,'2008-12-17',114,NULL),(314,106,'2012-04-13',231,NULL),(315,365,'2007-02-13',305,NULL),(316,9,'2010-05-18',310,NULL),(317,118,'2011-01-19',119,NULL),(318,276,'2006-09-26',206,NULL),(319,42,'2009-06-14',218,NULL),(320,154,'2008-05-14',109,NULL),(321,310,'2009-11-13',126,NULL),(322,77,'2010-12-18',114,NULL),(323,224,'2006-01-15',149,NULL),(324,367,'2007-06-07',132,NULL),(325,99,'2012-04-12',206,NULL),(326,235,'2008-04-03',302,NULL),(327,415,'2008-08-21',243,NULL),(328,394,'2005-05-11',257,NULL),(329,379,'2011-02-02',230,NULL),(330,103,'2012-02-14',118,NULL),(331,407,'2008-11-03',351,NULL),(332,160,'2012-12-12',212,NULL),(333,279,'2007-12-14',203,NULL),(334,224,'2012-10-28',349,NULL),(335,16,'2005-08-22',248,NULL),(336,151,'2008-12-04',327,NULL),(337,313,'2007-02-24',247,NULL),(338,31,'2007-07-21',131,NULL),(339,235,'2008-10-11',137,NULL),(340,157,'2010-09-08',244,NULL),(341,105,'2009-10-04',NULL,NULL),(342,269,'2008-10-11',340,NULL),(343,75,'2008-04-29',304,NULL),(344,26,'2008-05-13',344,NULL),(345,276,'2009-12-26',107,NULL),(346,353,'2009-07-13',224,NULL),(347,225,'2009-03-29',309,NULL),(348,94,'2006-08-18',223,NULL),(349,93,'2010-02-15',128,NULL),(350,56,'2007-01-08',211,NULL),(351,14,'2009-10-09',308,NULL),(352,418,'2007-07-26',126,NULL),(353,431,'2005-02-08',123,NULL),(354,362,'2005-05-17',145,NULL),(355,327,'2008-11-09',245,NULL),(356,168,'2006-09-26',319,NULL),(357,279,'2009-06-06',112,NULL),(358,330,'2010-08-21',222,NULL),(359,364,'2007-06-07',253,NULL),(360,435,'2009-09-02',259,NULL),(361,102,'2009-11-11',329,NULL),(362,178,'2008-08-18',149,NULL),(363,267,'2011-06-11',136,NULL),(364,80,'2012-12-17',351,NULL),(365,425,'2007-01-07',122,NULL),(366,371,'2009-05-29',110,NULL),(367,326,'2005-03-25',141,NULL),(368,272,'2011-02-28',128,NULL),(369,206,'2009-08-02',112,NULL),(370,174,'2005-04-01',148,NULL),(371,382,'2006-05-12',327,NULL),(372,127,'2009-09-19',128,NULL),(373,259,'2006-03-19',232,NULL),(374,39,'2010-09-13',124,NULL),(375,51,'2010-05-19',125,NULL),(376,118,'2011-06-09',309,NULL),(377,201,'2011-02-22',240,NULL),(378,357,'2011-07-25',106,NULL),(379,353,'2008-10-13',220,NULL),(380,190,'2009-02-28',319,NULL),(381,100,'2009-01-14',113,NULL),(382,345,'2011-08-09',306,NULL),(383,124,'2011-10-16',142,NULL),(384,148,'2009-06-24',319,NULL),(385,175,'2011-12-26',133,NULL),(386,388,'2009-08-10',243,NULL),(387,137,'2005-05-09',248,NULL),(388,254,'2008-05-16',202,NULL),(389,59,'2006-04-23',146,NULL),(390,190,'2006-08-13',148,NULL),(391,411,'2009-09-23',316,NULL),(392,434,'2006-09-24',134,NULL),(393,89,'2007-09-13',243,NULL),(394,173,'2012-06-17',311,NULL),(395,110,'2006-03-16',248,NULL),(396,378,'2010-09-06',223,NULL),(397,199,'2007-05-04',325,NULL),(398,108,'2008-11-22',321,NULL),(399,407,'2007-12-16',120,NULL),(400,58,'2011-04-17',130,NULL),(401,405,'2011-12-21',315,NULL),(402,401,'2008-03-21',239,NULL),(403,256,'2012-10-17',238,NULL),(404,52,'2011-07-21',211,NULL),(405,346,'2006-10-12',253,NULL),(406,58,'2009-10-03',316,NULL),(407,201,'2010-08-13',204,NULL),(408,114,'2010-11-06',137,NULL),(409,355,'2006-09-28',308,NULL),(410,389,'2006-01-17',125,NULL),(411,275,'2008-09-11',340,NULL),(412,29,'2006-10-09',134,NULL),(413,21,'2006-08-11',226,NULL),(414,244,'2009-12-25',124,NULL),(415,245,'2011-06-05',114,NULL),(416,177,'2007-06-04',215,NULL),(417,18,'2006-06-04',312,NULL),(418,189,'2009-07-01',147,NULL),(419,40,'2011-07-27',121,NULL),(420,341,'2011-07-25',308,NULL),(421,344,'2007-10-17',110,NULL),(422,425,'2006-07-26',128,NULL),(423,340,'2009-03-03',148,NULL),(424,393,'2007-09-07',306,NULL),(425,168,'2005-03-23',211,NULL),(426,295,'2012-05-15',231,NULL),(427,196,'2009-04-07',306,NULL),(428,270,'2005-03-25',230,NULL),(429,59,'2012-08-06',254,NULL),(430,311,'2006-05-11',104,NULL),(431,75,'2010-04-06',233,NULL),(432,241,'2012-04-15',102,NULL),(433,67,'2010-06-26',144,NULL),(434,115,'2010-06-26',142,NULL),(435,276,'2011-11-25',221,NULL),(436,210,'2011-10-11',212,NULL),(437,257,'2007-12-26',229,NULL),(438,302,'2006-01-22',138,NULL),(439,71,'2008-06-26',141,NULL),(440,61,'2007-04-12',106,NULL),(441,23,'2011-08-11',211,NULL),(442,324,'2005-11-02',125,NULL),(443,73,'2007-02-14',239,NULL),(444,254,'2007-04-08',242,NULL),(445,10,'2011-09-02',104,NULL),(446,99,'2006-08-12',110,NULL),(447,51,'2012-06-06',308,NULL),(448,186,'2007-05-26',123,NULL),(449,71,'2005-02-09',249,NULL),(450,236,'2006-11-02',327,NULL),(451,110,'2007-05-25',237,NULL),(452,150,'2007-04-13',340,NULL),(453,402,'2010-12-10',216,NULL),(454,395,'2007-05-23',225,NULL),(455,74,'2007-09-13',146,NULL),(456,10,'2010-03-21',234,NULL),(457,294,'2008-03-13',330,NULL),(482,463,'2013-04-23',201,NULL),(483,464,'2013-04-23',202,NULL),(484,465,'2013-04-23',201,NULL),(485,466,'2013-04-23',202,NULL);

UNLOCK TABLES;

--
-- Table structure for table `persoal`
--

DROP TABLE IF EXISTS persoal;

CREATE TABLE persoal (
  per_codigo int(11) NOT NULL,
  per_nome char(20) NOT NULL,
  per_enderezo char(50) DEFAULT NULL,
  per_cp char(5) DEFAULT NULL,
  per_cidade char(20) DEFAULT NULL,
  per_nif char(9) NOT NULL,
  per_telefono char(9) DEFAULT NULL,
  PRIMARY KEY (per_codigo)
) ENGINE=InnoDB DEFAULT CHARSET=latin1;

--
-- Dumping data for table `persoal`
--

LOCK TABLES persoal WRITE;

INSERT INTO persoal VALUES (1,'Antonio Pérez','Lirio, 12','27004','Lugo-','11222333A','982112233'),(2,'Mara Pin','San Marcos, 14','27001','Lugo','11222444B','982223344'),(3,'Vanesa Arias','Progreso, 13','27001','Lugo','11222555C','982334455'),(4,'Luis Gálvez','Matas Lpez, 5','27600','Sarria','22111222A','982111222'),(5,'Manuel Rego','Viveiro, 40','27400','Vilalba','33111222A','982555666'),(6,'Pilar Río','Cantón, 68','15002','A Coruña','44111222A','981132456'),(7,'Antonio Leiro','Ramón Ferreiro, 3','27001','Lugo','11222666D','982445566'),(8,'Violeta Pérez','Maior, 1','27600','Sarria','22111333B','982111333'),(9,'Manuel Espino','Espinal, 33','27003','Lugo','11222777E','982556677'),(10,'Xurxo Amenábar','de Zamora, 97','27000','Santiago','40817690G','135511824'),(11,'Ángeles Osorio','Lope de Vega, 57','27000','Badajoz','05474817N','975447721'),(12,'Sara Romai','Loureiro Crespo, 4','27000','San Martín de Guilla','08505517W','974635651'),(13,'Francisco Fidel Cedr','Estatuto de Autonomía, 73','27000','Meira','56013585Y','917734342'),(14,'Yon Castiñeira','Condes de Lemos, 31','27000','Ferrol','86859236N','964794134'),(15,'Enrique Portela','de Zamora, 93','27000','Samos','11154358W','948042544'),(16,'María Mercedes Caste','Pescaderas, 118','27000','Palas de Rei','47698677N','961357265'),(17,'Miquel Beguiristain','do Pomar, 39','27000','Taboada','27523281D','973384407'),(18,'Bartolomé Cañizares','Alfonso X, 74','27000','Bertamiráns','66205518H','924666342'),(19,'Lara Rei','Pescaderas, 73','27000','Ponferrada','60016644F','969986414'),(20,'Ánxos Bello','Plaza Mayor, 7','27000','Taboada','87507698N','964506376'),(21,'Dolores Hermo','Angelo Colocci, 53','27000','Arzúa','42657324Y','927455231'),(22,'Alex Vieira','Panaderas, 14','27000','Paradela','53983217D','975314806'),(23,'Karina Vidal','Santa Cecilia, 37','27000','Castro Urdiales','74686585L','922658999'),(24,'Nélida Fernández','García Abad, 14','27000','Sepúlveda','90361768N','926420238'),(25,'Álvaro González','de América, 20','27000','San Martín de Guilla','61720361E','955176148'),(26,'Ivan Pereiras','Plaza Mayor, 34','27000','Lugo','50636294T','913154419'),(27,'Valentí San Román','Celso Emilio Ferreiro, 28','27000','Ribeira','15642851E','918561288'),(28,'Eugenio Abraira','Miguel Delibes, 67','27000','Taboada','72852252M','937265747'),(29,'Mercedes Vieira','Severo Ochoa, 2','27000','Santiago','27291478T','989281741'),(30,'José Luís Bello','Rosalía de Castro, 44','27000','Bilbao','86515329R','938183845'),(31,'Inmaculada Borges','San Clemente, 76','27000','Ferrol','82710097G','996224476'),(32,'Noel Prat','Ortega y Gasset, 54','27000','Ribeira','66622572J','985263707'),(33,'Leticia Río','Andrade, 89','27000','Bilbao','63589901F','961418112'),(34,'Paloma Yáñez','Rubine, 9','27000','Coruña, A','73413432P','993503636'),(35,'Román Bárcenas','Sierra Nevada, 19','27000','Bueu','41474756Y','961578941'),(36,'Ferran Landero','Finisterre, 49','27000','Pol','58657340A','997755362'),(37,'Anna Contador','Príncipe de Asturias, 67','27000','Sepúlveda','44823205T','964152642'),(38,'Virginia Cuba','de Francia, 31','27000','Vilanova de Arousa','51060361Q','941147356'),(39,'Eulalia Rodríquez-Mo','Valle Inclán, 41','27000','Madrid','45656793E','908517616'),(40,'Brais Morales','Murillo, 8','27000','Cuenca','37754544K','907889204'),(41,'Susana Blanco','Jultayu, 24','27000','Bueu','12681956D','965730343'),(42,'Fernando Rojo','Monte Faro, 37','27000','Samos','07754480F','962922591'),(43,'Yésica Compte','Trastámara, 0','27000','Sada','86760281A','954543641'),(44,'Casimiro Abraira','Cánovas del Castillo, 12','27000','Ciudad Real','75675713D','937767065'),(45,'Bruno Ugarte','Maior, 55','27000','Bertamiráns','11418432J','922662112'),(46,'Bartolomé Ventoso','Ramón Piñeiro, 24','27000','Vilalba','84481748B','925753029'),(47,'Perfecta Rabanal','Celso Emilio Ferreiro, 21','27000','Santiago','66029357Z','928662262'),(48,'Arsenio Figueras','Maior, 104','27000','Meira','77544774K','980579516'),(49,'Emma Serantes','San Martiño, 45','27000','Burela','67637616K','971071826'),(50,'Anxo Rico','Camilo José Cela, 42','27000','Meira','05468675B','964354548'),(51,'Ivet Márquez','Torrente Ballester, 9','27000','Ciudad Real','89154531E','935796218'),(52,'Ivan González','Salvador de Madariaga, 45','27000','Láncara','94319231A','947601322'),(53,'Lois Cebrián','San Clemente, 68','27000','Vigo','76286643J','922316121'),(54,'Ánxos Goy','Rafael Alberti, 15','27000','Baralla','84203572C','973231155'),(55,'Luz Manciñeiras','Pares de Francia, 7','27000','Pol','18365681C','926435530'),(56,'Rafael Trillo','Picos de Europa, 45','27000','Vilanova de Arousa','71250649F','962230155'),(57,'Sergi Moral','Angelo Colocci, 11','27000','Ferrol','71957468J','979656453'),(58,'Uxío Tourón','Torrente Ballester, 10','27000','Monforte','16216361G','954753149'),(59,'Mariona Barral','García Abad, 2','27000','Atienza','64285180L','957082645'),(60,'Salvador Cacharro','Orzán, 42','27000','Bertamiráns','68657085S','917360204'),(61,'Elsa Codesal','Yañez Rebolo, 46','27000','Barcelona','15460985V','936365522'),(62,'Eloisa Zapatero','Centolo, 2','27000','Atienza','06160166F','937622455'),(63,'Tamara Gilabert','Federico García Lorca, 5','27000','Ourense','73364083V','927482312'),(64,'Francisco Fidel Coma','Castellana, 34','27000','Badajoz','61357461Q','922176135'),(65,'Bruno Santín','Ribeira, 6','27000','San Martín de Guilla','38474768T','951942928'),(66,'Paz Abad','Édramo, 23','27000','Cuenca','62874571T','913181817'),(67,'Ramiro José Dorna','Diagonal, 82','27000','Barcelona','99852247R','941956711'),(68,'Ángel Comuñas','Leonardo Da Vinci, 97','27000','San Sebastian','50358662R','911100865'),(69,'Soraya Piñeiro','Progreso, 13','27000','San Martín de Guilla','20427341Y','933591873'),(70,'Eva Fraga','Maior, 42','27000','Mosteiro','74196602M','924671962'),(71,'Aran Trancho','Federico García Lorca, 26','27000','Vilanova de Arousa','58866553P','965656965'),(72,'Angels Garrigassait','Ronda de Outeiro, 25','27000','Mosteiro','75574601M','952707805'),(73,'Ángeles Ferrer','San Roque, 43','27000','Cuenca','21748057Q','929985398'),(74,'Patricia Alcaide','Rianxo, 2','27000','Vigo','00864286S','970614145'),(75,'Herminia Tuimil','Albert Einstein, 1','27000','Arzúa','74076336Y','949657978'),(76,'Iris Fachado','Real Observatorio Astronómico, 56','27000','Albacete','46649710Y','970636155'),(77,'Eladio Manuel Baleir','Raiña, 1','27000','Atienza','66410970B','978055069'),(78,'Alexia Núñez','Picos de Europa, 44','27000','Atienza','57285247K','933503567'),(79,'Belén Tudoli','Eduardo Pondal, 1','27000','Pol','38504335N','952643427'),(80,'Gregorio Touriño','Real Observatorio Astronómico, 25','27000','Soria','19396691D','955054817'),(81,'Paulo Lopetegui','Emilio González López, 99','27000','Madrid','61484217L','934474958'),(82,'Paz Vizoso','Castillo, 124','27000','Paradela','97266483N','914111468'),(83,'Bartolomé Baena','San Froilán, 34','27000','Ourense','83128037B','955230274'),(84,'Antoni Arnau','Iroite, 16','27000','San Martín de Guilla','87460156B','936345589'),(85,'Mireia Velázquez','Navieras, 62','27000','Palas de Rei','52440757K','928644805'),(86,'Adrià Duarte','Miguelangel, 81','27000','Albacete','77411268F','932802239'),(87,'Fernanda Touzón','Andrade, 87','27000','Bertamiráns','62258729Y','929357340'),(88,'Olga Sieira','Rubine, 75','27000','Palas de Rei','48060292K','937945124'),(89,'Mar Ventoso','Mozart, 6','27000','Pontevedra','25385054T','960161287'),(90,'Manuela Pérez','Peregrino, 4','27000','Barcelona','76174755C','905506155'),(91,'Evangelina Louro','Miguel de Cervantes, 27','27000','Albacete','32106342K','967075726'),(92,'Pascual Lar Sa','Angelo Colocci, 32','27001','Lugo','12345678F','982212010'),(93,'Pascual Lar Sa','Angelo Colocci, 32','27001','Lugo','12345678F','982212010'),(94,'Pascual Do Leite','Angelo Colocci, 33','27001','Lugo','12345679G','982212011'),(95,'Pascual Lar Sa','Angelo Colocci, 32','27001','Lugo','12345678F','982212010'),(96,'Pascual Do Leite','Angelo Colocci, 33','27001','Lugo','12345679G','982212011'),(97,'Pascual Lar Sa','Angelo Colocci, 32','27001','Lugo','12345678F','982212010'),(98,'Pascual Lar Sa','Angelo Colocci, 32','27001','Lugo','12345678F','982212010'),(99,'Pascual De Leite','Angelo Colocci, 33','27001','Lugo','12345679G','982212011'),(100,'Pascual Lar Sa','Angelo Colocci, 32','27001','Lugo','12345678F','982212010'),(101,'Pascual Lar Sa','Angelo Colocci, 32','27001','Lugo','12345678F','982212010');

UNLOCK TABLES;

--
-- Table structure for table `medico`
--

DROP TABLE IF EXISTS medico;

CREATE TABLE medico (
  med_codigo int(11) NOT NULL,
  med_especialidade char(40) NOT NULL,
  PRIMARY KEY (med_codigo),
  CONSTRAINT medico_ibfk_1 FOREIGN KEY (med_codigo) REFERENCES persoal (per_codigo) ON DELETE CASCADE
) ENGINE=InnoDB DEFAULT CHARSET=latin1;


--
-- Dumping data for table `medico`
--

LOCK TABLES medico WRITE;

INSERT INTO medico VALUES (1,'Cardioloxía'),(3,'Cardioloxía'),(4,'Neurociruxía'),(5,'Otorrinolaringoloxía'),(6,'Alergoloxía'),(7,'Oftalmoloxía'),(8,'Nefroloxía'),(9,'Traumatoloxía'),(10,'Cardioloxía'),(11,'Hematoloxía'),(12,'Traumatoloxía'),(13,'Nefroloxía'),(14,'Neurociruxía'),(15,'Oncoloxía Radioterápica'),(16,'Gastroenteroloxía'),(17,'Neuroloxía'),(19,'Cardioloxía'),(21,'Medicina Interna'),(22,'Traumatoloxía'),(24,'Neumoloxía'),(25,'Otorrinolaringoloxía'),(26,'Neumoloxía'),(27,'Cardioloxía'),(29,'Alergoloxía'),(31,'Neurociruxía'),(32,'Xeriatría'),(33,'Neurociruxía'),(34,'Xeriatría'),(36,'Oftalmoloxía'),(37,'Anestesioloxía'),(38,'Cardioloxía'),(40,'Xeriatría'),(42,'Xeriatría'),(43,'Medicina Interna'),(44,'Gastroenteroloxía'),(45,'Medicina Interna'),(47,'Cardioloxía'),(48,'Oftalmoloxía'),(50,'Cardioloxía'),(51,'Gastroenteroloxía'),(52,'Nefroloxía'),(56,'Neumoloxía'),(59,'Neumoloxía'),(63,'Oncoloxía Médica'),(65,'Alergoloxía'),(66,'Neurociruxía'),(67,'Reumatoloxía'),(68,'Xeriatría'),(71,'Endocrinoloxía'),(72,'Oncoloxía Médica'),(73,'Neumoloxía'),(74,'Oftalmoloxía'),(75,'Nefroloxía'),(76,'Nefroloxía'),(77,'Oftalmoloxía'),(78,'Gastroenteroloxía'),(79,'Medicina Interna'),(80,'Xeriatría'),(81,'Anestesioloxía'),(83,'Nefroloxía'),(86,'Alergoloxía'),(87,'Nefroloxía'),(89,'Endocrinoloxía');

UNLOCK TABLES;

--
-- Table structure for table `tratamento`
--

DROP TABLE IF EXISTS tratamento;

CREATE TABLE tratamento (
  tra_idingreso int(11) NOT NULL,
  tra_enfermidade char(20) NOT NULL,
  tra_codigomedico int(11) DEFAULT NULL,
  PRIMARY KEY (tra_idingreso, tra_enfermidade),
  KEY tra_codigomedico (tra_codigomedico),
  CONSTRAINT tratamento_ibfk_1 FOREIGN KEY (tra_idingreso) REFERENCES ingreso (ing_id),
  CONSTRAINT tratamento_ibfk_2 FOREIGN KEY (tra_codigomedico) REFERENCES medico (med_codigo)
) ENGINE=InnoDB DEFAULT CHARSET=latin1;

--
-- Dumping data for table `tratamento`
--

LOCK TABLES tratamento WRITE;

INSERT INTO tratamento VALUES (6,'Revisión infarto',NULL),(1,'Infarto',1),(4,'Infarto',1),(8,'Estenosis',1),(12,'Cateterismo',1),(50,'Telenovelite',1),(99,'Apendicite',1),(353,'Cancro mama',1),(379,'Tos',1),(450,'Revisión infarto',1),(454,'',1),(2,'Infarto',3),(10,'Infarto',3),(92,'',3),(106,'Telenovelite',3),(113,'Estenosis',3),(149,'Cancro colon',3),(198,'Fractura peroné',3),(238,'Revisión infarto',3),(292,'Fractura astrágalo',3),(374,'Cancro mama',3),(400,'Artrosis',3),(1,'Artrosis',4),(8,'Tos',4),(61,'Cancro colon',4),(72,'',4),(156,'Cancro mama',4),(181,'Estenosis',4),(287,'Infarto',4),(288,'',4),(299,'Tumor cerebral',4),(404,'Cancro colon',4),(5,'Fractura de nariz',5),(7,'Vexetacións',5),(46,'Apendicite',5),(140,'',5),(206,'Tos',5),(219,'Prostatite',5),(227,'Tos',5),(311,'Legionella',5),(346,'Revisión infarto',5),(451,'Prostatite',5),(39,'Telenovelite',6),(148,'Apendicite',6),(153,'Tos',6),(176,'',6),(265,'',6),(305,'Fractura tibia',6),(317,'Infarto cerebral',6),(340,'Apendicite',6),(394,'Infarto cerebral',6),(441,'Estenosis',6),(3,'Infarto',7),(4,'Cancro colon',7),(74,'Legionella',7),(87,'Fractura humero',7),(138,'Tos',7),(142,'Fractura craneo',7),(158,'Apendicite',7),(166,'Tumor cerebral',7),(280,'Artrosis',7),(366,'',7),(455,'Artrosis',7),(12,'Neumonía',8),(63,'',8),(174,'Fractura humero',8),(435,'Legionella',8),(5,'Fractura de fémur',9),(9,'Fractura de radio',9),(11,'Artrosis',9),(11,'Hernia discal',9),(96,'Fractura de cadeira',9),(123,'Cancro pulmón',9),(154,'Cateterismo',9),(185,'Fractura 3º falanxe',9),(214,'Insuficiencia renal',9),(53,'Revisión infarto',10),(87,'',10),(98,'Tos',10),(175,'Cancro mama',10),(242,'Revisión infarto',10),(351,'Legionella',10),(168,'Fractura peroné',11),(175,'Tos',11),(334,'Artrosis',11),(345,'',11),(393,'Artrosis',11),(398,'',11),(414,'Apendicite',11),(436,'Apendicite',11),(19,'Neumonía',12),(38,'Cateterismo',12),(161,'',12),(190,'Estenosis',12),(195,'Infarto cerebral',12),(232,'',12),(257,'',12),(370,'Fractura peroné',12),(405,'Cancro pulmón',12),(432,'Artrosis',12),(445,'Perforación intestin',12),(282,'Apendicite',13),(293,'Cancro pulmón',13),(308,'Infarto cerebral',13),(409,'Tumor cerebral',13),(425,'Infarto',13),(47,'Perforación intestin',14),(75,'Infarto',14),(102,'Cancro mama',14),(136,'Apendicite',14),(191,'Fractura tibia',14),(349,'Infarto',14),(356,'Prostatite',14),(369,'Tos',14),(375,'Hepatite B',14),(392,'',14),(398,'Tos',14),(387,'Cateterismo',15),(416,'Cancro pulmón',15),(434,'Hepatite B',15),(57,'Cancro mama',16),(91,'Cateterismo',16),(119,'Insuficiencia renal',16),(203,'Cancro mama',16),(209,'Telenovelite',16),(305,'',16),(351,'',16),(361,'Apendicite',16),(399,'Neumonía',16),(431,'Artrosis',16),(44,'Prostatite',17),(79,'Fractura tibia',17),(96,'Infarto',17),(224,'',17),(419,'Artrosis',17),(424,'Lupus',17),(78,'Legionella',19),(97,'Artrosis',19),(173,'',19),(208,'Cancro mama',19),(216,'Artrosis',19),(279,'',19),(284,'Cateterismo',19),(286,'Fractura astrágalo',19),(320,'',19),(327,'Tos',19),(385,'Apendicite',19),(22,'',21),(103,'',21),(296,'Infarto cerebral',21),(336,'Cancro pulmón',21),(341,'Artrosis',21),(359,'Fractura humero',21),(418,'Apendicite',21),(13,'Artrosis',22),(21,'Cancro mama',22),(39,'Infarto',22),(81,'',22),(155,'Neumonía',22),(189,'',22),(239,'Fractura craneo',22),(270,'Tos',22),(300,'Artrosis',22),(376,'Artrosis',22),(49,'Fractura peroné',24),(58,'Cancro colon',24),(66,'Tos',24),(71,'Fractura astrágalo',24),(152,'Hepatite B',24),(256,'Infarto',24),(294,'Revisión infarto',24),(363,'',24),(101,'Artrosis',25),(114,'Infarto cerebral',25),(241,'Cancro mama',25),(406,'Perforación intestin',25),(426,'',25),(18,'Cancro mama',26),(95,'Legionella',26),(126,'Neumonía',26),(187,'Telenovelite',26),(223,'Revisión infarto',26),(427,'Fractura tibia',26),(434,'Fractura peroné',26),(438,'Artrosis',26),(9,'Fractura craneo',27),(27,'Cancro pulmón',27),(110,'Cancro mama',27),(127,'Artrosis',27),(187,'Cancro mama',27),(228,'Apendicite',27),(291,'',27),(324,'Cancro pulmón',27),(389,'Telenovelite',27),(449,'Infarto',27),(26,'',29),(85,'Cancro mama',29),(377,'Cancro pulmón',29),(411,'Cancro colon',29),(426,'Fractura tibia',29),(440,'Cateterismo',29),(31,'Infarto',31),(42,'',31),(45,'Apendicite',31),(244,'Perforación intestin',31),(322,'Fractura tibia',31),(388,'Fractura peroné',31),(24,'Artrosis',32),(77,'Revisión infarto',32),(80,'Revisión infarto',32),(125,'',32),(133,'',32),(213,'Hepatite B',32),(290,'Fractura tibia',32),(297,'Cancro pulmón',32),(384,'Tumor cerebral',32),(423,'Hepatite B',32),(249,'Apendicite',33),(274,'Apendicite',33),(301,'Telenovelite',33),(337,'Legionella',33),(341,'',33),(3,'Cancro mama',34),(14,'Tos',34),(35,'',34),(139,'Telenovelite',34),(160,'',34),(183,'Neumonía',34),(262,'Neumonía',34),(267,'',34),(318,'Telenovelite',34),(329,'',34),(347,'',34),(428,'',34),(65,'Fractura craneo',36),(88,'Lupus',36),(146,'',36),(171,'Cateterismo',36),(200,'Revisión infarto',36),(236,'Infarto',36),(335,'',36),(401,'',36),(403,'Perforación intestin',36),(112,'Artrosis',37),(240,'Perforación intestin',37),(300,'',37),(304,'Neumonía',37),(331,'Cancro pulmón',37),(348,'Fractura peroné',37),(436,'',37),(5,'Estenosis',38),(60,'Artrosis',38),(204,'',38),(230,'Revisión infarto',38),(339,'',38),(372,'Artrosis',38),(412,'Artrosis',38),(447,'Artrosis',38),(73,'Cancro mama',40),(76,'Cancro colon',40),(113,'',40),(118,'Cancro colon',40),(151,'Cancro colon',40),(172,'Cancro mama',40),(194,'Apendicite',40),(214,'',40),(313,'Fractura tibia',40),(430,'Prostatite',40),(2,'',42),(168,'',42),(169,'Estenosis',42),(202,'Neumonía',42),(310,'Artrosis',42),(321,'Cancro colon',42),(329,'Cateterismo',42),(54,'Apendicite',43),(68,'Cateterismo',43),(70,'Cancro pulmón',43),(85,'',43),(137,'Apendicite',43),(145,'Tumor cerebral',43),(176,'Fractura tibia',43),(317,'Tos',43),(368,'Apendicite',43),(421,'Cateterismo',43),(442,'',43),(261,'Legionella',44),(267,'Apendicite',44),(437,'Infarto',44),(25,'',45),(29,'Legionella',45),(167,'Prostatite',45),(235,'Artrosis',45),(319,'',45),(444,'Artrosis',45),(10,'Legionella',47),(20,'Cancro pulmón',47),(90,'Neumonía',47),(223,'',47),(357,'',47),(367,'Cancro pulmón',47),(373,'Cancro colon',47),(390,'Tos',47),(33,'Fractura craneo',48),(107,'Neumonía',48),(124,'Artrosis',48),(180,'Cancro colon',48),(188,'Estenosis',48),(203,'Lupus',48),(237,'',48),(295,'Tos',48),(352,'Infarto',48),(395,'Revisión infarto',48),(409,'',48),(448,'Fractura peroné',48),(34,'Fractura humero',50),(84,'Revisión infarto',50),(100,'',50),(115,'Cateterismo',50),(162,'Cancro pulmón',50),(163,'Neumonía',50),(263,'Cancro pulmón',50),(277,'Lupus',50),(381,'Cancro mama',50),(386,'Neumonía',50),(41,'Estenosis',51),(157,'Infarto',51),(185,'Fractura tibia',51),(233,'Insuficiencia renal',51),(243,'Fractura peroné',51),(258,'Tos',51),(316,'Cateterismo',51),(396,'Fractura astrágalo',51),(17,'Artrosis',52),(111,'Lupus',52),(129,'Infarto cerebral',52),(232,'Revisión infarto',52),(408,'Tos',52),(52,'Tos',56),(206,'Artrosis',56),(248,'Apendicite',56),(250,'Fractura peroné',56),(268,'Fractura tibia',56),(271,'Infarto',56),(322,'',56),(335,'Neumonía',56),(69,'Infarto cerebral',59),(127,'',59),(128,'Fractura peroné',59),(138,'Infarto',59),(252,'Cancro mama',59),(309,'Cateterismo',59),(364,'Cancro pulmón',59),(43,'Infarto cerebral',63),(132,'Cancro mama',63),(276,'Artrosis',63),(363,'Cancro pulmón',63),(431,'Lupus',63),(32,'Prostatite',65),(83,'Infarto',65),(93,'Fractura astrágalo',65),(116,'Insuficiencia renal',65),(196,'',65),(215,'',65),(259,'Cancro pulmón',65),(291,'Cancro mama',65),(306,'Lupus',65),(338,'',65),(365,'Infarto',65),(36,'Apendicite',66),(130,'Cancro pulmón',66),(131,'Fractura tibia',66),(133,'Apendicite',66),(173,'Fractura craneo',66),(253,'Perforación intestin',66),(420,'Telenovelite',66),(423,'Cateterismo',66),(64,'Fractura tibia',67),(100,'Neumonía',67),(122,'Legionella',67),(186,'Artrosis',67),(226,'Fractura peroné',67),(285,'Apendicite',67),(326,'Fractura peroné',67),(380,'Artrosis',67),(446,'Infarto cerebral',67),(55,'Fractura craneo',68),(141,'Fractura tibia',68),(150,'',68),(205,'Cancro colon',68),(207,'Apendicite',68),(379,'Artrosis',68),(386,'',68),(197,'Telenovelite',71),(199,'Lupus',71),(231,'Cancro mama',71),(354,'Cancro colon',71),(383,'Hepatite B',71),(387,'',71),(164,'Tos',72),(204,'Artrosis',72),(315,'Infarto',72),(429,'Tos',72),(41,'',73),(237,'Fractura peroné',73),(243,'',73),(325,'Infarto cerebral',73),(332,'Cancro mama',73),(371,'Legionella',73),(397,'Fractura astrágalo',73),(408,'Apendicite',73),(413,'',73),(453,'Legionella',73),(182,'Cancro mama',74),(211,'Cancro pulmón',74),(247,'Fractura craneo',74),(257,'Legionella',74),(315,'',74),(355,'Cancro mama',74),(382,'Infarto cerebral',74),(89,'Infarto cerebral',75),(109,'Apendicite',75),(178,'Infarto cerebral',75),(192,'Cancro colon',75),(225,'Artrosis',75),(234,'Neumonía',75),(260,'Estenosis',75),(391,'Cateterismo',75),(117,'Apendicite',76),(194,'',76),(229,'Fractura tibia',76),(246,'Artrosis',76),(443,'Infarto',76),(6,'Fractura tibia',77),(30,'Lupus',77),(59,'Revisión infarto',77),(92,'Infarto cerebral',77),(184,'Artrosis',77),(266,'',77),(281,'Cancro colon',77),(344,'Perforación intestin',77),(424,'Neumonía',77),(48,'Fractura tibia',78),(102,'',78),(105,'Fractura astrágalo',78),(233,'Fractura tibia',78),(417,'Cancro colon',78),(422,'',78),(433,'Neumonía',78),(143,'Artrosis',79),(177,'Cancro pulmón',79),(314,'Neumonía',79),(333,'',79),(407,'Prostatite',79),(415,'Cateterismo',79),(13,'',80),(17,'',80),(50,'Fractura astrágalo',80),(62,'Revisión infarto',80),(67,'Hepatite B',80),(170,'Apendicite',80),(179,'Cancro mama',80),(201,'Cancro colon',80),(217,'Cancro mama',80),(245,'Artrosis',80),(255,'Neumonía',80),(378,'',80),(37,'Legionella',81),(56,'Hepatite B',81),(116,'Infarto',81),(144,'Cateterismo',81),(189,'Insuficiencia renal',81),(212,'Artrosis',81),(218,'Fractura tibia',81),(256,'',81),(269,'Cancro colon',81),(302,'Legionella',81),(452,'Legionella',81),(163,'',83),(264,'Legionella',83),(298,'Fractura peroné',83),(360,'Cancro mama',83),(28,'Tos',86),(40,'Tumor cerebral',86),(210,'Apendicite',86),(247,'',86),(274,'Hepatite B',86),(283,'Telenovelite',86),(338,'Neumonía',86),(342,'Fractura craneo',86),(358,'Infarto',86),(381,'',86),(7,'Revisión infarto',87),(23,'',87),(48,'',87),(108,'',87),(273,'Fractura humero',87),(307,'Cancro pulmón',87),(318,'Cateterismo',87),(339,'Legionella',87),(389,'Cancro mama',87),(402,'Apendicite',87),(411,'',87),(12,'',89),(40,'Artrosis',89),(82,'Fractura craneo',89),(104,'Cancro colon',89),(120,'Cancro colon',89),(134,'Telenovelite',89),(275,'Insuficiencia renal',89),(330,'',89),(352,'',89),(362,'Estenosis',89),(364,'',89),(378,'Tos',89),(439,'Cancro pulmón',89);

UNLOCK TABLES;

--
-- Dumping routines for database 'hospital'
--

-- Dump completed on 2015-05-15  9:54:31
